Mic,Note,Vel,RR,PeakDb,RmsDb
Coincident,A-1,108,rr1,-8.46,-21.23
Coincident,A-1,108,rr2,-8.49,-21.22
Coincident,A-1,117,rr1,-6.22,-19.16
Coincident,A-1,117,rr2,-6.23,-19.17
Coincident,A-1,127,rr1,-5.65,-18.36
Coincident,A-1,127,rr2,-5.63,-18.35
Coincident,A-1,18,rr1,-35.38,-46.64
Coincident,A-1,18,rr2,-35.81,-47.07
Coincident,A-1,27,rr1,-33.72,-44.99
Coincident,A-1,27,rr2,-33.77,-45.06
Coincident,A-1,36,rr1,-30.1,-41.6
Coincident,A-1,36,rr2,-30.38,-41.91
Coincident,A-1,45,rr1,-26.27,-37.77
Coincident,A-1,45,rr2,-26.31,-37.8
Coincident,A-1,54,rr1,-23.02,-34.62
Coincident,A-1,54,rr2,-23.01,-34.62
Coincident,A-1,63,rr1,-20.36,-32.11
Coincident,A-1,63,rr2,-20.35,-32.11
Coincident,A-1,72,rr1,-17.37,-29.23
Coincident,A-1,72,rr2,-17.39,-29.26
Coincident,A-1,81,rr1,-14.38,-26.53
Coincident,A-1,81,rr2,-14.51,-26.63
Coincident,A-1,90,rr1,-12.6,-24.76
Coincident,A-1,90,rr2,-12.69,-24.84
Coincident,A-1,99,rr1,-10.92,-23.28
Coincident,A-1,99,rr2,-10.94,-23.29
Coincident,A-1,9,rr1,-43.31,-54.09
Coincident,A-1,9,rr2,-44.23,-55.1
Coincident,A0,108,rr1,-11.45,-23.21
Coincident,A0,108,rr2,-11.45,-23.22
Coincident,A0,117,rr1,-8.86,-20.91
Coincident,A0,117,rr2,-8.84,-20.91
Coincident,A0,127,rr1,-7.7,-20.1
Coincident,A0,127,rr2,-7.71,-20.1
Coincident,A0,27,rr1,-35.78,-45.69
Coincident,A0,27,rr2,-35.71,-45.66
Coincident,A0,36,rr1,-32.55,-43.16
Coincident,A0,36,rr2,-32.52,-43.14
Coincident,A0,45,rr1,-28.17,-39.59
Coincident,A0,45,rr2,-28.17,-39.6
Coincident,A0,54,rr1,-24.65,-36.52
Coincident,A0,54,rr2,-24.66,-36.54
Coincident,A0,63,rr1,-21.78,-33.74
Coincident,A0,63,rr2,-21.93,-33.88
Coincident,A0,72,rr1,-19.32,-31.14
Coincident,A0,72,rr2,-19.35,-31.16
Coincident,A0,81,rr1,-17.17,-28.57
Coincident,A0,81,rr2,-17.22,-28.61
Coincident,A0,90,rr1,-15.89,-27.08
Coincident,A0,90,rr2,-16.04,-27.28
Coincident,A0,99,rr1,-14.04,-25.46
Coincident,A0,99,rr2,-14.06,-25.48
Coincident,A0,9,rr1,-40.38,-49.86
Coincident,A0,9,rr2,-40.4,-49.85
Coincident,A1,108,rr1,-9.88,-19.93
Coincident,A1,108,rr2,-9.89,-19.93
Coincident,A1,117,rr1,-7.23,-17.47
Coincident,A1,117,rr2,-7.25,-17.47
Coincident,A1,127,rr1,-6.27,-16.65
Coincident,A1,127,rr2,-6.28,-16.65
Coincident,A1,18,rr1,-33.25,-42.99
Coincident,A1,18,rr2,-33.53,-43.33
Coincident,A1,27,rr1,-30.21,-40.0
Coincident,A1,27,rr2,-30.31,-40.09
Coincident,A1,36,rr1,-29.36,-38.97
Coincident,A1,36,rr2,-28.8,-38.41
Coincident,A1,45,rr1,-27.66,-37.22
Coincident,A1,45,rr2,-28.29,-37.92
Coincident,A1,54,rr1,-26.08,-35.65
Coincident,A1,54,rr2,-25.83,-35.37
Coincident,A1,63,rr1,-23.33,-32.79
Coincident,A1,63,rr2,-23.23,-32.69
Coincident,A1,72,rr1,-20.08,-29.69
Coincident,A1,72,rr2,-20.16,-29.78
Coincident,A1,81,rr1,-16.77,-26.52
Coincident,A1,81,rr2,-16.96,-26.69
Coincident,A1,90,rr1,-14.17,-23.94
Coincident,A1,90,rr2,-14.32,-24.06
Coincident,A1,99,rr1,-12.45,-22.29
Coincident,A1,99,rr2,-12.45,-22.3
Coincident,A1,9,rr1,-40.17,-49.28
Coincident,A1,9,rr2,-40.09,-49.21
Coincident,A2,108,rr1,-13.12,-25.12
Coincident,A2,108,rr2,-13.14,-25.12
Coincident,A2,117,rr1,-9.89,-22.65
Coincident,A2,117,rr2,-9.93,-22.68
Coincident,A2,127,rr1,-9.42,-21.98
Coincident,A2,127,rr2,-9.36,-21.95
Coincident,A2,18,rr1,-41.4,-50.29
Coincident,A2,18,rr2,-41.46,-50.25
Coincident,A2,27,rr1,-37.92,-46.83
Coincident,A2,27,rr2,-37.85,-46.79
Coincident,A2,36,rr1,-36.4,-45.86
Coincident,A2,36,rr2,-36.43,-45.86
Coincident,A2,45,rr1,-35.13,-44.45
Coincident,A2,45,rr2,-35.07,-44.37
Coincident,A2,54,rr1,-32.9,-42.05
Coincident,A2,54,rr2,-32.63,-41.8
Coincident,A2,63,rr1,-29.41,-38.77
Coincident,A2,63,rr2,-29.36,-38.72
Coincident,A2,72,rr1,-24.93,-35.27
Coincident,A2,72,rr2,-24.95,-35.29
Coincident,A2,81,rr1,-20.63,-31.77
Coincident,A2,81,rr2,-20.69,-31.79
Coincident,A2,90,rr1,-18.51,-29.55
Coincident,A2,90,rr2,-18.57,-29.6
Coincident,A2,99,rr1,-15.89,-27.56
Coincident,A2,99,rr2,-15.91,-27.58
Coincident,A2,9,rr1,-48.71,-57.32
Coincident,A2,9,rr2,-48.41,-57.15
Coincident,A3,108,rr1,-11.79,-23.46
Coincident,A3,108,rr2,-11.81,-23.46
Coincident,A3,117,rr1,-9.33,-21.2
Coincident,A3,117,rr2,-9.23,-21.19
Coincident,A3,127,rr1,-8.61,-20.48
Coincident,A3,127,rr2,-8.66,-20.5
Coincident,A3,18,rr1,-39.26,-48.99
Coincident,A3,18,rr2,-39.31,-49.08
Coincident,A3,27,rr1,-34.73,-44.65
Coincident,A3,27,rr2,-34.65,-44.55
Coincident,A3,36,rr1,-33.76,-43.49
Coincident,A3,36,rr2,-33.58,-43.31
Coincident,A3,45,rr1,-32.53,-42.21
Coincident,A3,45,rr2,-32.55,-42.21
Coincident,A3,54,rr1,-30.15,-39.92
Coincident,A3,54,rr2,-30.05,-39.85
Coincident,A3,63,rr1,-27.02,-36.88
Coincident,A3,63,rr2,-26.98,-36.85
Coincident,A3,72,rr1,-23.07,-33.49
Coincident,A3,72,rr2,-23.05,-33.47
Coincident,A3,81,rr1,-19.87,-30.1
Coincident,A3,81,rr2,-19.67,-29.98
Coincident,A3,90,rr1,-16.62,-27.63
Coincident,A3,90,rr2,-16.62,-27.62
Coincident,A3,99,rr1,-14.83,-25.89
Coincident,A3,99,rr2,-14.84,-25.9
Coincident,A3,9,rr1,-48.93,-59.04
Coincident,A3,9,rr2,-48.66,-58.75
Coincident,A4,108,rr1,-5.52,-18.11
Coincident,A4,108,rr2,-5.52,-18.12
Coincident,A4,117,rr1,-2.34,-15.26
Coincident,A4,117,rr2,-2.36,-15.29
Coincident,A4,127,rr1,-1.1,-14.28
Coincident,A4,127,rr2,-1.09,-14.33
Coincident,A4,18,rr1,-43.5,-55.79
Coincident,A4,18,rr2,-43.2,-55.3
Coincident,A4,27,rr1,-32.89,-44.53
Coincident,A4,27,rr2,-32.33,-43.99
Coincident,A4,36,rr1,-28.99,-40.57
Coincident,A4,36,rr2,-28.87,-40.48
Coincident,A4,54,rr1,-26.19,-37.44
Coincident,A4,54,rr2,-27.24,-38.55
Coincident,A4,63,rr1,-23.29,-34.24
Coincident,A4,63,rr2,-22.82,-33.83
Coincident,A4,72,rr1,-19.06,-30.3
Coincident,A4,72,rr2,-19.15,-30.37
Coincident,A4,81,rr1,-15.09,-26.68
Coincident,A4,81,rr2,-14.99,-26.6
Coincident,A4,90,rr1,-10.32,-22.53
Coincident,A4,90,rr2,-10.34,-22.57
Coincident,A4,99,rr1,-8.26,-20.66
Coincident,A4,99,rr2,-8.29,-20.67
Coincident,A4,9,rr1,-54.76,-66.98
Coincident,A4,9,rr2,-54.65,-66.97
Coincident,A5,108,rr1,-9.52,-24.49
Coincident,A5,108,rr2,-9.46,-24.48
Coincident,A5,117,rr1,-6.42,-21.93
Coincident,A5,117,rr2,-6.33,-21.91
Coincident,A5,127,rr1,-5.47,-21.2
Coincident,A5,127,rr2,-5.44,-21.19
Coincident,A5,18,rr1,-60.34,-76.35
Coincident,A5,18,rr2,-60.45,-76.01
Coincident,A5,27,rr1,-50.34,-67.91
Coincident,A5,27,rr2,-47.85,-64.88
Coincident,A5,36,rr1,-44.31,-59.7
Coincident,A5,36,rr2,-44.07,-59.59
Coincident,A5,54,rr1,-40.12,-55.1
Coincident,A5,54,rr2,-38.58,-53.08
Coincident,A5,63,rr1,-32.66,-47.23
Coincident,A5,63,rr2,-32.69,-47.28
Coincident,A5,72,rr1,-26.57,-40.67
Coincident,A5,72,rr2,-26.6,-40.66
Coincident,A5,81,rr1,-20.66,-34.74
Coincident,A5,81,rr2,-20.74,-34.74
Coincident,A5,90,rr1,-14.6,-28.89
Coincident,A5,90,rr2,-14.74,-29.02
Coincident,A5,99,rr1,-12.7,-27.12
Coincident,A5,99,rr2,-12.69,-27.11
Coincident,A5,9,rr1,-66.65,-78.22
Coincident,A5,9,rr2,-66.61,-79.03
Coincident,A6,108,rr1,-11.47,-30.83
Coincident,A6,108,rr2,-11.63,-30.88
Coincident,A6,117,rr1,-8.43,-28.23
Coincident,A6,117,rr2,-8.33,-28.16
Coincident,A6,127,rr1,-7.47,-27.19
Coincident,A6,127,rr2,-7.45,-27.18
Coincident,A6,18,rr1,-59.0,-71.39
Coincident,A6,18,rr2,-59.08,-71.06
Coincident,A6,27,rr1,-48.87,-65.51
Coincident,A6,27,rr2,-48.6,-65.13
Coincident,A6,45,rr1,-42.69,-60.45
Coincident,A6,45,rr2,-42.61,-60.37
Coincident,A6,63,rr1,-36.47,-56.92
Coincident,A6,63,rr2,-36.53,-57.01
Coincident,A6,72,rr1,-30.23,-51.38
Coincident,A6,72,rr2,-30.2,-51.42
Coincident,A6,81,rr1,-24.09,-44.28
Coincident,A6,81,rr2,-24.04,-44.16
Coincident,A6,90,rr1,-17.75,-36.71
Coincident,A6,90,rr2,-17.85,-36.79
Coincident,A6,99,rr1,-15.18,-33.76
Coincident,A6,99,rr2,-15.23,-33.8
Coincident,A6,9,rr1,-61.57,-73.56
Coincident,A6,9,rr2,-60.15,-71.77
Coincident,A#-1,108,rr1,-9.29,-22.15
Coincident,A#-1,108,rr2,-9.3,-22.16
Coincident,A#-1,117,rr1,-7.27,-19.86
Coincident,A#-1,117,rr2,-7.28,-19.87
Coincident,A#-1,127,rr1,-6.52,-19.06
Coincident,A#-1,127,rr2,-6.53,-19.08
Coincident,A#-1,18,rr1,-34.79,-46.63
Coincident,A#-1,18,rr2,-36.36,-47.99
Coincident,A#-1,27,rr1,-32.47,-44.57
Coincident,A#-1,27,rr2,-32.29,-44.36
Coincident,A#-1,36,rr1,-31.36,-43.48
Coincident,A#-1,36,rr2,-30.74,-42.89
Coincident,A#-1,45,rr1,-28.18,-40.44
Coincident,A#-1,45,rr2,-28.2,-40.45
Coincident,A#-1,54,rr1,-24.43,-37.21
Coincident,A#-1,54,rr2,-24.41,-37.17
Coincident,A#-1,63,rr1,-21.31,-34.08
Coincident,A#-1,63,rr2,-21.4,-34.19
Coincident,A#-1,72,rr1,-18.44,-31.13
Coincident,A#-1,72,rr2,-18.3,-31.0
Coincident,A#-1,81,rr1,-15.65,-28.4
Coincident,A#-1,81,rr2,-15.82,-28.56
Coincident,A#-1,90,rr1,-13.09,-25.81
Coincident,A#-1,90,rr2,-13.29,-25.95
Coincident,A#-1,99,rr1,-11.59,-24.38
Coincident,A#-1,99,rr2,-11.61,-24.4
Coincident,A#-1,9,rr1,-49.29,-59.61
Coincident,A#-1,9,rr2,-47.21,-58.2
Coincident,A#0,108,rr1,-10.49,-21.57
Coincident,A#0,108,rr2,-10.49,-21.56
Coincident,A#0,117,rr1,-7.28,-19.15
Coincident,A#0,117,rr2,-7.35,-19.2
Coincident,A#0,127,rr1,-6.03,-18.3
Coincident,A#0,127,rr2,-6.04,-18.31
Coincident,A#0,18,rr1,-31.95,-41.2
Coincident,A#0,18,rr2,-32.03,-41.25
Coincident,A#0,36,rr1,-30.54,-39.77
Coincident,A#0,36,rr2,-30.41,-39.66
Coincident,A#0,45,rr1,-27.22,-37.09
Coincident,A#0,45,rr2,-27.2,-37.09
Coincident,A#0,54,rr1,-24.79,-34.64
Coincident,A#0,54,rr2,-24.84,-34.68
Coincident,A#0,63,rr1,-22.0,-32.06
Coincident,A#0,63,rr2,-21.97,-32.02
Coincident,A#0,72,rr1,-19.15,-29.4
Coincident,A#0,72,rr2,-19.17,-29.43
Coincident,A#0,81,rr1,-16.63,-26.93
Coincident,A#0,81,rr2,-16.52,-26.84
Coincident,A#0,90,rr1,-15.39,-25.72
Coincident,A#0,90,rr2,-15.46,-25.81
Coincident,A#0,99,rr1,-13.31,-23.87
Coincident,A#0,99,rr2,-13.23,-23.81
Coincident,A#0,9,rr1,-34.79,-43.69
Coincident,A#0,9,rr2,-34.71,-43.65
Coincident,A#1,108,rr1,-10.5,-20.13
Coincident,A#1,108,rr2,-10.5,-20.13
Coincident,A#1,117,rr1,-8.13,-17.79
Coincident,A#1,117,rr2,-8.14,-17.79
Coincident,A#1,127,rr1,-7.28,-17.04
Coincident,A#1,127,rr2,-7.27,-17.03
Coincident,A#1,36,rr1,-31.94,-39.5
Coincident,A#1,36,rr2,-32.12,-39.59
Coincident,A#1,45,rr1,-27.73,-36.32
Coincident,A#1,45,rr2,-27.66,-36.25
Coincident,A#1,54,rr1,-24.07,-33.1
Coincident,A#1,54,rr2,-24.08,-33.1
Coincident,A#1,63,rr1,-21.44,-30.5
Coincident,A#1,63,rr2,-21.42,-30.48
Coincident,A#1,72,rr1,-18.39,-27.83
Coincident,A#1,72,rr2,-18.34,-27.76
Coincident,A#1,81,rr1,-15.75,-25.16
Coincident,A#1,81,rr2,-15.8,-25.21
Coincident,A#1,90,rr1,-14.61,-24.22
Coincident,A#1,90,rr2,-14.7,-24.27
Coincident,A#1,99,rr1,-12.65,-22.39
Coincident,A#1,99,rr2,-12.67,-22.4
Coincident,A#1,9,rr1,-35.16,-42.17
Coincident,A#1,9,rr2,-35.28,-42.33
Coincident,A#2,108,rr1,-12.4,-24.16
Coincident,A#2,108,rr2,-12.4,-24.16
Coincident,A#2,117,rr1,-9.7,-21.76
Coincident,A#2,117,rr2,-9.69,-21.77
Coincident,A#2,127,rr1,-8.75,-21.11
Coincident,A#2,127,rr2,-8.8,-21.11
Coincident,A#2,18,rr1,-40.17,-48.99
Coincident,A#2,18,rr2,-39.85,-48.72
Coincident,A#2,27,rr1,-34.98,-44.58
Coincident,A#2,27,rr2,-35.62,-45.13
Coincident,A#2,36,rr1,-33.64,-43.33
Coincident,A#2,36,rr2,-33.51,-43.17
Coincident,A#2,45,rr1,-32.19,-41.92
Coincident,A#2,45,rr2,-32.11,-41.94
Coincident,A#2,54,rr1,-29.54,-39.39
Coincident,A#2,54,rr2,-29.54,-39.38
Coincident,A#2,63,rr1,-26.39,-36.77
Coincident,A#2,63,rr2,-26.41,-36.79
Coincident,A#2,72,rr1,-22.84,-33.78
Coincident,A#2,72,rr2,-22.9,-33.84
Coincident,A#2,81,rr1,-19.24,-30.64
Coincident,A#2,81,rr2,-19.38,-30.75
Coincident,A#2,90,rr1,-16.3,-27.98
Coincident,A#2,90,rr2,-16.42,-28.09
Coincident,A#2,99,rr1,-14.72,-26.45
Coincident,A#2,99,rr2,-14.75,-26.46
Coincident,A#2,9,rr1,-48.95,-57.72
Coincident,A#2,9,rr2,-49.35,-58.51
Coincident,A#3,108,rr1,-11.43,-21.18
Coincident,A#3,108,rr2,-11.45,-21.2
Coincident,A#3,117,rr1,-8.89,-18.6
Coincident,A#3,117,rr2,-8.86,-18.59
Coincident,A#3,127,rr1,-7.81,-17.82
Coincident,A#3,127,rr2,-7.83,-17.82
Coincident,A#3,18,rr1,-38.73,-46.71
Coincident,A#3,18,rr2,-38.52,-46.59
Coincident,A#3,27,rr1,-34.38,-42.14
Coincident,A#3,27,rr2,-34.23,-41.98
Coincident,A#3,36,rr1,-32.83,-40.46
Coincident,A#3,36,rr2,-32.79,-40.43
Coincident,A#3,45,rr1,-31.93,-39.65
Coincident,A#3,45,rr2,-31.85,-39.61
Coincident,A#3,54,rr1,-30.01,-37.98
Coincident,A#3,54,rr2,-29.94,-37.91
Coincident,A#3,63,rr1,-27.05,-35.03
Coincident,A#3,63,rr2,-27.13,-35.1
Coincident,A#3,72,rr1,-23.42,-31.71
Coincident,A#3,72,rr2,-23.27,-31.58
Coincident,A#3,81,rr1,-19.61,-28.15
Coincident,A#3,81,rr2,-19.79,-28.3
Coincident,A#3,90,rr1,-16.55,-25.55
Coincident,A#3,90,rr2,-16.76,-25.73
Coincident,A#3,99,rr1,-14.29,-23.73
Coincident,A#3,99,rr2,-14.32,-23.74
Coincident,A#3,9,rr1,-47.23,-56.09
Coincident,A#3,9,rr2,-47.28,-56.11
Coincident,A#4,108,rr1,-7.15,-19.86
Coincident,A#4,108,rr2,-7.14,-19.86
Coincident,A#4,117,rr1,-4.18,-16.97
Coincident,A#4,117,rr2,-4.18,-16.9
Coincident,A#4,127,rr1,-3.18,-15.75
Coincident,A#4,127,rr2,-3.22,-15.73
Coincident,A#4,18,rr1,-51.63,-69.11
Coincident,A#4,18,rr2,-51.7,-69.15
Coincident,A#4,27,rr1,-40.48,-53.53
Coincident,A#4,27,rr2,-40.32,-53.28
Coincident,A#4,36,rr1,-35.78,-48.41
Coincident,A#4,36,rr2,-35.76,-48.36
Coincident,A#4,54,rr1,-31.09,-43.52
Coincident,A#4,54,rr2,-30.73,-43.15
Coincident,A#4,63,rr1,-26.15,-38.44
Coincident,A#4,63,rr2,-26.22,-38.51
Coincident,A#4,72,rr1,-20.67,-33.28
Coincident,A#4,72,rr2,-20.75,-33.34
Coincident,A#4,81,rr1,-15.74,-28.39
Coincident,A#4,81,rr2,-15.76,-28.4
Coincident,A#4,90,rr1,-11.88,-24.55
Coincident,A#4,90,rr2,-12.14,-24.78
Coincident,A#4,99,rr1,-9.89,-22.59
Coincident,A#4,99,rr2,-9.86,-22.58
Coincident,A#4,9,rr1,-63.06,-77.6
Coincident,A#4,9,rr2,-64.3,-77.68
Coincident,A#5,108,rr1,-10.88,-27.03
Coincident,A#5,108,rr2,-10.87,-26.93
Coincident,A#5,117,rr1,-7.09,-23.81
Coincident,A#5,117,rr2,-7.03,-23.66
Coincident,A#5,127,rr1,-6.36,-22.59
Coincident,A#5,127,rr2,-6.27,-22.42
Coincident,A#5,18,rr1,-56.51,-72.5
Coincident,A#5,18,rr2,-55.96,-72.12
Coincident,A#5,27,rr1,-42.99,-60.74
Coincident,A#5,27,rr2,-42.99,-60.66
Coincident,A#5,36,rr1,-38.25,-55.84
Coincident,A#5,36,rr2,-38.94,-56.6
Coincident,A#5,45,rr1,-37.02,-54.48
Coincident,A#5,45,rr2,-36.47,-53.85
Coincident,A#5,54,rr1,-33.57,-50.72
Coincident,A#5,54,rr2,-33.59,-50.7
Coincident,A#5,63,rr1,-29.92,-46.68
Coincident,A#5,63,rr2,-29.98,-46.7
Coincident,A#5,72,rr1,-25.07,-41.37
Coincident,A#5,72,rr2,-24.84,-41.12
Coincident,A#5,81,rr1,-20.24,-36.22
Coincident,A#5,81,rr2,-20.03,-35.99
Coincident,A#5,90,rr1,-15.94,-31.74
Coincident,A#5,90,rr2,-16.02,-31.79
Coincident,A#5,99,rr1,-14.13,-29.81
Coincident,A#5,99,rr2,-14.12,-29.81
Coincident,A#5,9,rr1,-61.23,-76.28
Coincident,A#5,9,rr2,-61.59,-75.44
Coincident,A#6,108,rr1,-11.89,-32.33
Coincident,A#6,108,rr2,-11.8,-32.24
Coincident,A#6,117,rr1,-8.71,-29.38
Coincident,A#6,117,rr2,-8.59,-29.21
Coincident,A#6,127,rr1,-7.57,-28.28
Coincident,A#6,127,rr2,-7.56,-28.26
Coincident,A#6,18,rr1,-57.02,-73.74
Coincident,A#6,18,rr2,-56.96,-73.51
Coincident,A#6,27,rr1,-49.34,-69.09
Coincident,A#6,27,rr2,-49.24,-68.85
Coincident,A#6,36,rr1,-43.39,-64.14
Coincident,A#6,36,rr2,-43.34,-64.13
Coincident,A#6,45,rr1,-40.76,-61.51
Coincident,A#6,45,rr2,-40.73,-61.45
Coincident,A#6,54,rr1,-38.88,-59.78
Coincident,A#6,54,rr2,-39.12,-59.92
Coincident,A#6,63,rr1,-35.75,-57.51
Coincident,A#6,63,rr2,-35.71,-57.5
Coincident,A#6,72,rr1,-30.85,-52.85
Coincident,A#6,72,rr2,-30.71,-52.59
Coincident,A#6,81,rr1,-25.12,-46.13
Coincident,A#6,81,rr2,-24.35,-45.24
Coincident,A#6,90,rr1,-17.48,-38.1
Coincident,A#6,90,rr2,-17.38,-38.15
Coincident,A#6,99,rr1,-14.99,-35.59
Coincident,A#6,99,rr2,-14.93,-35.6
Coincident,A#6,9,rr1,-61.7,-76.58
Coincident,A#6,9,rr2,-62.86,-76.5
Coincident,B-1,108,rr1,-9.25,-23.09
Coincident,B-1,108,rr2,-9.25,-23.1
Coincident,B-1,117,rr1,-6.92,-20.71
Coincident,B-1,117,rr2,-6.91,-20.7
Coincident,B-1,127,rr1,-6.01,-19.94
Coincident,B-1,127,rr2,-6.02,-19.92
Coincident,B-1,18,rr1,-32.3,-45.65
Coincident,B-1,18,rr2,-31.89,-45.28
Coincident,B-1,27,rr1,-31.11,-44.32
Coincident,B-1,27,rr2,-31.2,-44.43
Coincident,B-1,36,rr1,-30.02,-43.2
Coincident,B-1,36,rr2,-29.76,-42.98
Coincident,B-1,45,rr1,-26.1,-39.67
Coincident,B-1,45,rr2,-25.71,-39.25
Coincident,B-1,54,rr1,-22.8,-36.37
Coincident,B-1,54,rr2,-22.83,-36.38
Coincident,B-1,63,rr1,-20.12,-33.81
Coincident,B-1,63,rr2,-20.15,-33.83
Coincident,B-1,72,rr1,-17.16,-31.06
Coincident,B-1,72,rr2,-17.32,-31.21
Coincident,B-1,81,rr1,-14.95,-28.64
Coincident,B-1,81,rr2,-15.05,-28.77
Coincident,B-1,90,rr1,-13.13,-26.8
Coincident,B-1,90,rr2,-13.17,-26.83
Coincident,B-1,99,rr1,-11.58,-25.31
Coincident,B-1,99,rr2,-11.58,-25.32
Coincident,B-1,9,rr1,-36.67,-49.59
Coincident,B-1,9,rr2,-36.79,-49.76
Coincident,B0,108,rr1,-11.2,-22.91
Coincident,B0,108,rr2,-11.18,-22.92
Coincident,B0,117,rr1,-9.13,-20.55
Coincident,B0,117,rr2,-9.14,-20.57
Coincident,B0,127,rr1,-8.44,-19.78
Coincident,B0,127,rr2,-8.43,-19.78
Coincident,B0,27,rr1,-34.93,-44.73
Coincident,B0,27,rr2,-34.74,-44.71
Coincident,B0,36,rr1,-32.66,-42.75
Coincident,B0,36,rr2,-32.49,-42.59
Coincident,B0,45,rr1,-28.02,-38.98
Coincident,B0,45,rr2,-28.16,-39.12
Coincident,B0,54,rr1,-24.79,-36.11
Coincident,B0,54,rr2,-24.8,-36.06
Coincident,B0,63,rr1,-21.7,-33.43
Coincident,B0,63,rr2,-21.73,-33.44
Coincident,B0,72,rr1,-18.94,-30.65
Coincident,B0,72,rr2,-18.86,-30.58
Coincident,B0,81,rr1,-16.31,-28.04
Coincident,B0,81,rr2,-16.36,-28.09
Coincident,B0,90,rr1,-14.92,-26.7
Coincident,B0,90,rr2,-14.99,-26.77
Coincident,B0,99,rr1,-13.33,-25.08
Coincident,B0,99,rr2,-13.33,-25.07
Coincident,B0,9,rr1,-38.97,-48.52
Coincident,B0,9,rr2,-38.84,-48.44
Coincident,B1,108,rr1,-9.39,-20.46
Coincident,B1,108,rr2,-9.38,-20.46
Coincident,B1,117,rr1,-6.8,-17.93
Coincident,B1,117,rr2,-6.85,-17.95
Coincident,B1,127,rr1,-5.95,-17.1
Coincident,B1,127,rr2,-5.96,-17.1
Coincident,B1,18,rr1,-37.41,-45.09
Coincident,B1,18,rr2,-37.38,-45.05
Coincident,B1,27,rr1,-32.57,-40.18
Coincident,B1,27,rr2,-32.52,-40.12
Coincident,B1,54,rr1,-27.78,-36.38
Coincident,B1,54,rr2,-28.23,-36.73
Coincident,B1,63,rr1,-24.83,-34.0
Coincident,B1,63,rr2,-24.87,-34.01
Coincident,B1,72,rr1,-20.93,-30.68
Coincident,B1,72,rr2,-21.09,-30.78
Coincident,B1,81,rr1,-17.4,-27.47
Coincident,B1,81,rr2,-17.46,-27.51
Coincident,B1,90,rr1,-14.12,-24.52
Coincident,B1,90,rr2,-14.22,-24.62
Coincident,B1,99,rr1,-12.03,-22.81
Coincident,B1,99,rr2,-12.02,-22.81
Coincident,B1,9,rr1,-44.34,-52.54
Coincident,B1,9,rr2,-43.21,-51.37
Coincident,B2,108,rr1,-8.05,-19.31
Coincident,B2,108,rr2,-8.04,-19.29
Coincident,B2,117,rr1,-5.46,-17.0
Coincident,B2,117,rr2,-5.5,-17.05
Coincident,B2,127,rr1,-4.6,-16.28
Coincident,B2,127,rr2,-4.63,-16.35
Coincident,B2,18,rr1,-28.35,-39.36
Coincident,B2,18,rr2,-28.31,-39.28
Coincident,B2,36,rr1,-27.48,-38.37
Coincident,B2,36,rr2,-27.44,-38.34
Coincident,B2,45,rr1,-24.49,-35.45
Coincident,B2,45,rr2,-24.51,-35.46
Coincident,B2,54,rr1,-21.48,-32.47
Coincident,B2,54,rr2,-21.47,-32.45
Coincident,B2,63,rr1,-18.55,-29.58
Coincident,B2,63,rr2,-18.7,-29.72
Coincident,B2,72,rr1,-15.76,-26.92
Coincident,B2,72,rr2,-15.72,-26.85
Coincident,B2,81,rr1,-13.18,-24.31
Coincident,B2,81,rr2,-13.21,-24.31
Coincident,B2,90,rr1,-12.18,-23.21
Coincident,B2,90,rr2,-12.37,-23.42
Coincident,B2,99,rr1,-10.13,-21.55
Coincident,B2,99,rr2,-10.13,-21.55
Coincident,B2,9,rr1,-31.96,-42.84
Coincident,B2,9,rr2,-31.91,-42.78
Coincident,B3,108,rr1,-9.81,-19.84
Coincident,B3,108,rr2,-9.82,-19.85
Coincident,B3,117,rr1,-7.98,-17.51
Coincident,B3,117,rr2,-8.01,-17.51
Coincident,B3,127,rr1,-7.28,-16.81
Coincident,B3,127,rr2,-7.32,-16.82
Coincident,B3,18,rr1,-39.82,-49.08
Coincident,B3,18,rr2,-39.1,-48.28
Coincident,B3,27,rr1,-32.27,-41.56
Coincident,B3,27,rr2,-32.86,-42.1
Coincident,B3,36,rr1,-30.75,-39.99
Coincident,B3,36,rr2,-30.84,-40.06
Coincident,B3,45,rr1,-29.27,-38.59
Coincident,B3,45,rr2,-29.54,-38.83
Coincident,B3,54,rr1,-28.14,-37.48
Coincident,B3,54,rr2,-27.78,-37.2
Coincident,B3,63,rr1,-24.89,-34.49
Coincident,B3,63,rr2,-24.89,-34.47
Coincident,B3,72,rr1,-21.05,-31.09
Coincident,B3,72,rr2,-20.94,-31.0
Coincident,B3,81,rr1,-17.28,-27.49
Coincident,B3,81,rr2,-17.22,-27.44
Coincident,B3,90,rr1,-13.76,-23.96
Coincident,B3,90,rr2,-13.93,-24.09
Coincident,B3,99,rr1,-12.08,-22.24
Coincident,B3,99,rr2,-12.15,-22.34
Coincident,B3,9,rr1,-48.06,-57.81
Coincident,B3,9,rr2,-49.86,-60.17
Coincident,B4,108,rr1,-8.34,-23.49
Coincident,B4,108,rr2,-8.37,-23.48
Coincident,B4,117,rr1,-4.68,-20.59
Coincident,B4,117,rr2,-4.7,-20.54
Coincident,B4,127,rr1,-3.63,-19.71
Coincident,B4,127,rr2,-3.72,-19.66
Coincident,B4,18,rr1,-52.17,-69.14
Coincident,B4,18,rr2,-53.31,-70.88
Coincident,B4,27,rr1,-41.79,-55.36
Coincident,B4,27,rr2,-41.52,-54.93
Coincident,B4,36,rr1,-38.71,-51.38
Coincident,B4,36,rr2,-38.52,-51.17
Coincident,B4,54,rr1,-34.75,-47.37
Coincident,B4,54,rr2,-34.12,-46.75
Coincident,B4,63,rr1,-29.23,-42.14
Coincident,B4,63,rr2,-29.6,-42.49
Coincident,B4,72,rr1,-23.8,-37.15
Coincident,B4,72,rr2,-23.69,-37.06
Coincident,B4,81,rr1,-18.42,-32.24
Coincident,B4,81,rr2,-18.62,-32.41
Coincident,B4,90,rr1,-13.4,-27.9
Coincident,B4,90,rr2,-13.62,-28.08
Coincident,B4,99,rr1,-11.4,-26.15
Coincident,B4,99,rr2,-11.42,-26.17
Coincident,B4,9,rr1,-65.12,-76.46
Coincident,B4,9,rr2,-62.73,-74.93
Coincident,B5,108,rr1,-7.81,-23.87
Coincident,B5,108,rr2,-7.75,-23.82
Coincident,B5,117,rr1,-4.84,-21.23
Coincident,B5,117,rr2,-4.81,-21.09
Coincident,B5,127,rr1,-3.84,-20.37
Coincident,B5,127,rr2,-3.87,-20.35
Coincident,B5,18,rr1,-62.95,-75.58
Coincident,B5,18,rr2,-62.9,-75.32
Coincident,B5,27,rr1,-50.13,-67.84
Coincident,B5,27,rr2,-49.91,-67.41
Coincident,B5,54,rr1,-44.52,-60.54
Coincident,B5,54,rr2,-44.24,-60.38
Coincident,B5,63,rr1,-36.47,-51.95
Coincident,B5,63,rr2,-36.23,-51.66
Coincident,B5,72,rr1,-27.65,-43.08
Coincident,B5,72,rr2,-27.54,-43.02
Coincident,B5,81,rr1,-20.21,-35.47
Coincident,B5,81,rr2,-20.22,-35.49
Coincident,B5,90,rr1,-13.57,-29.06
Coincident,B5,90,rr2,-13.67,-29.13
Coincident,B5,99,rr1,-11.2,-26.84
Coincident,B5,99,rr2,-11.17,-26.84
Coincident,B5,9,rr1,-63.76,-75.09
Coincident,B5,9,rr2,-62.43,-74.01
Coincident,B6,108,rr1,-15.01,-35.62
Coincident,B6,108,rr2,-15.06,-35.52
Coincident,B6,117,rr1,-11.9,-32.32
Coincident,B6,117,rr2,-11.87,-32.19
Coincident,B6,127,rr1,-10.67,-30.99
Coincident,B6,127,rr2,-10.54,-30.88
Coincident,B6,18,rr1,-62.93,-74.71
Coincident,B6,18,rr2,-62.84,-74.24
Coincident,B6,27,rr1,-52.3,-69.02
Coincident,B6,27,rr2,-51.28,-68.47
Coincident,B6,36,rr1,-43.71,-63.3
Coincident,B6,36,rr2,-43.68,-63.22
Coincident,B6,63,rr1,-39.15,-59.32
Coincident,B6,63,rr2,-39.3,-59.48
Coincident,B6,72,rr1,-33.41,-55.66
Coincident,B6,72,rr2,-33.44,-55.7
Coincident,B6,81,rr1,-27.09,-49.77
Coincident,B6,81,rr2,-27.19,-49.84
Coincident,B6,90,rr1,-20.27,-42.37
Coincident,B6,90,rr2,-20.39,-42.45
Coincident,B6,99,rr1,-17.71,-39.26
Coincident,B6,99,rr2,-17.74,-39.3
Coincident,B6,9,rr1,-63.25,-77.87
Coincident,B6,9,rr2,-64.84,-76.35
Coincident,C0,108,rr1,-9.6,-22.77
Coincident,C0,108,rr2,-9.6,-22.77
Coincident,C0,117,rr1,-7.06,-20.44
Coincident,C0,117,rr2,-7.06,-20.43
Coincident,C0,127,rr1,-6.04,-19.59
Coincident,C0,127,rr2,-6.05,-19.59
Coincident,C0,18,rr1,-35.39,-46.27
Coincident,C0,18,rr2,-33.77,-44.88
Coincident,C0,36,rr1,-31.02,-42.27
Coincident,C0,36,rr2,-31.37,-42.55
Coincident,C0,45,rr1,-26.82,-38.78
Coincident,C0,45,rr2,-26.81,-38.8
Coincident,C0,54,rr1,-23.98,-36.1
Coincident,C0,54,rr2,-23.94,-36.1
Coincident,C0,63,rr1,-21.52,-33.62
Coincident,C0,63,rr2,-21.39,-33.56
Coincident,C0,72,rr1,-18.81,-31.07
Coincident,C0,72,rr2,-18.77,-31.04
Coincident,C0,81,rr1,-15.69,-28.41
Coincident,C0,81,rr2,-15.68,-28.4
Coincident,C0,90,rr1,-13.39,-26.3
Coincident,C0,90,rr2,-13.42,-26.34
Coincident,C0,99,rr1,-11.68,-24.82
Coincident,C0,99,rr2,-11.69,-24.81
Coincident,C0,9,rr1,-46.35,-56.82
Coincident,C0,9,rr2,-46.97,-57.54
Coincident,C1,108,rr1,-10.05,-21.63
Coincident,C1,108,rr2,-10.08,-21.64
Coincident,C1,117,rr1,-7.4,-19.24
Coincident,C1,117,rr2,-7.32,-19.23
Coincident,C1,127,rr1,-6.83,-18.49
Coincident,C1,127,rr2,-6.85,-18.5
Coincident,C1,18,rr1,-33.26,-42.0
Coincident,C1,18,rr2,-33.34,-42.08
Coincident,C1,27,rr1,-32.21,-40.94
Coincident,C1,27,rr2,-32.14,-40.91
Coincident,C1,36,rr1,-31.31,-40.09
Coincident,C1,36,rr2,-31.34,-40.12
Coincident,C1,45,rr1,-28.59,-37.44
Coincident,C1,45,rr2,-28.73,-37.6
Coincident,C1,54,rr1,-25.18,-34.8
Coincident,C1,54,rr2,-25.11,-34.78
Coincident,C1,63,rr1,-22.61,-32.3
Coincident,C1,63,rr2,-22.55,-32.24
Coincident,C1,72,rr1,-19.13,-29.62
Coincident,C1,72,rr2,-19.21,-29.68
Coincident,C1,81,rr1,-16.18,-27.09
Coincident,C1,81,rr2,-16.2,-27.1
Coincident,C1,90,rr1,-14.25,-25.52
Coincident,C1,90,rr2,-14.3,-25.57
Coincident,C1,99,rr1,-12.44,-23.78
Coincident,C1,99,rr2,-12.44,-23.79
Coincident,C1,9,rr1,-36.5,-45.11
Coincident,C1,9,rr2,-36.25,-44.9
Coincident,C2,108,rr1,-10.38,-20.54
Coincident,C2,108,rr2,-10.43,-20.57
Coincident,C2,117,rr1,-7.81,-18.16
Coincident,C2,117,rr2,-7.81,-18.15
Coincident,C2,127,rr1,-6.94,-17.26
Coincident,C2,127,rr2,-6.94,-17.27
Coincident,C2,18,rr1,-35.69,-44.16
Coincident,C2,18,rr2,-35.24,-43.73
Coincident,C2,27,rr1,-31.96,-40.45
Coincident,C2,27,rr2,-32.12,-40.63
Coincident,C2,45,rr1,-30.36,-38.87
Coincident,C2,45,rr2,-30.23,-38.75
Coincident,C2,54,rr1,-27.25,-35.8
Coincident,C2,54,rr2,-27.48,-36.05
Coincident,C2,63,rr1,-24.36,-33.08
Coincident,C2,63,rr2,-24.37,-33.1
Coincident,C2,72,rr1,-20.97,-30.02
Coincident,C2,72,rr2,-20.89,-29.95
Coincident,C2,81,rr1,-17.38,-26.82
Coincident,C2,81,rr2,-17.53,-26.94
Coincident,C2,90,rr1,-14.83,-24.54
Coincident,C2,90,rr2,-14.89,-24.6
Coincident,C2,99,rr1,-12.95,-22.81
Coincident,C2,99,rr2,-12.94,-22.82
Coincident,C2,9,rr1,-43.39,-51.78
Coincident,C2,9,rr2,-43.29,-51.69
Coincident,C3,108,rr1,-7.04,-17.93
Coincident,C3,108,rr2,-7.08,-17.96
Coincident,C3,117,rr1,-4.54,-15.57
Coincident,C3,117,rr2,-4.56,-15.59
Coincident,C3,127,rr1,-3.18,-14.81
Coincident,C3,127,rr2,-3.18,-14.82
Coincident,C3,18,rr1,-30.46,-39.69
Coincident,C3,18,rr2,-30.46,-39.68
Coincident,C3,27,rr1,-29.83,-39.03
Coincident,C3,27,rr2,-29.89,-39.08
Coincident,C3,36,rr1,-28.72,-38.04
Coincident,C3,36,rr2,-28.76,-38.07
Coincident,C3,45,rr1,-24.89,-34.66
Coincident,C3,45,rr2,-25.07,-34.79
Coincident,C3,54,rr1,-21.64,-31.63
Coincident,C3,54,rr2,-21.66,-31.64
Coincident,C3,63,rr1,-18.57,-28.74
Coincident,C3,63,rr2,-18.55,-28.71
Coincident,C3,72,rr1,-15.4,-25.84
Coincident,C3,72,rr2,-15.47,-25.88
Coincident,C3,81,rr1,-12.5,-23.16
Coincident,C3,81,rr2,-12.47,-23.14
Coincident,C3,90,rr1,-11.2,-22.04
Coincident,C3,90,rr2,-11.28,-22.11
Coincident,C3,99,rr1,-8.98,-20.26
Coincident,C3,99,rr2,-8.98,-20.26
Coincident,C3,9,rr1,-34.62,-43.42
Coincident,C3,9,rr2,-34.92,-43.68
Coincident,C4,108,rr1,-12.54,-27.71
Coincident,C4,108,rr2,-12.54,-27.71
Coincident,C4,117,rr1,-9.27,-24.61
Coincident,C4,117,rr2,-9.3,-24.63
Coincident,C4,127,rr1,-8.12,-23.53
Coincident,C4,127,rr2,-8.12,-23.55
Coincident,C4,18,rr1,-41.73,-55.63
Coincident,C4,18,rr2,-41.61,-55.61
Coincident,C4,27,rr1,-34.91,-49.1
Coincident,C4,27,rr2,-35.31,-49.54
Coincident,C4,36,rr1,-32.98,-47.15
Coincident,C4,36,rr2,-32.97,-47.17
Coincident,C4,45,rr1,-32.44,-46.46
Coincident,C4,45,rr2,-32.34,-46.33
Coincident,C4,54,rr1,-30.39,-44.6
Coincident,C4,54,rr2,-30.12,-44.33
Coincident,C4,63,rr1,-27.77,-42.01
Coincident,C4,63,rr2,-27.83,-42.11
Coincident,C4,72,rr1,-24.3,-38.99
Coincident,C4,72,rr2,-24.38,-39.08
Coincident,C4,81,rr1,-20.48,-35.54
Coincident,C4,81,rr2,-20.7,-35.71
Coincident,C4,90,rr1,-17.3,-32.39
Coincident,C4,90,rr2,-17.39,-32.46
Coincident,C4,99,rr1,-14.68,-30.54
Coincident,C4,99,rr2,-14.71,-30.54
Coincident,C4,9,rr1,-52.62,-64.76
Coincident,C4,9,rr2,-53.98,-66.09
Coincident,C5,108,rr1,-7.91,-24.01
Coincident,C5,108,rr2,-7.93,-23.99
Coincident,C5,117,rr1,-5.12,-20.78
Coincident,C5,117,rr2,-5.09,-20.72
Coincident,C5,127,rr1,-3.93,-19.72
Coincident,C5,127,rr2,-3.97,-19.74
Coincident,C5,18,rr1,-47.51,-64.0
Coincident,C5,18,rr2,-46.85,-63.16
Coincident,C5,27,rr1,-36.5,-51.45
Coincident,C5,27,rr2,-36.4,-51.38
Coincident,C5,36,rr1,-33.97,-48.75
Coincident,C5,36,rr2,-33.64,-48.39
Coincident,C5,54,rr1,-30.83,-45.49
Coincident,C5,54,rr2,-31.05,-45.71
Coincident,C5,63,rr1,-26.76,-41.36
Coincident,C5,63,rr2,-26.84,-41.48
Coincident,C5,72,rr1,-22.36,-37.04
Coincident,C5,72,rr2,-22.32,-37.05
Coincident,C5,81,rr1,-18.18,-33.14
Coincident,C5,81,rr2,-18.21,-33.14
Coincident,C5,90,rr1,-13.19,-28.79
Coincident,C5,90,rr2,-13.19,-28.81
Coincident,C5,99,rr1,-10.84,-26.97
Coincident,C5,99,rr2,-10.86,-26.97
Coincident,C5,9,rr1,-63.24,-73.49
Coincident,C5,9,rr2,-61.7,-73.25
Coincident,C6,108,rr1,-7.92,-23.54
Coincident,C6,108,rr2,-7.91,-23.51
Coincident,C6,117,rr1,-5.08,-20.48
Coincident,C6,117,rr2,-5.06,-20.35
Coincident,C6,127,rr1,-4.11,-19.33
Coincident,C6,127,rr2,-4.06,-19.25
Coincident,C6,18,rr1,-59.62,-74.31
Coincident,C6,18,rr2,-60.1,-74.27
Coincident,C6,27,rr1,-46.57,-67.18
Coincident,C6,27,rr2,-46.01,-66.51
Coincident,C6,36,rr1,-41.81,-60.72
Coincident,C6,36,rr2,-41.75,-60.75
Coincident,C6,54,rr1,-37.71,-55.9
Coincident,C6,54,rr2,-37.45,-55.67
Coincident,C6,63,rr1,-31.74,-47.67
Coincident,C6,63,rr2,-31.76,-47.64
Coincident,C6,72,rr1,-24.88,-40.51
Coincident,C6,72,rr2,-25.09,-40.7
Coincident,C6,81,rr1,-18.57,-34.01
Coincident,C6,81,rr2,-18.74,-34.12
Coincident,C6,90,rr1,-13.63,-29.07
Coincident,C6,90,rr2,-13.87,-29.29
Coincident,C6,99,rr1,-11.36,-26.77
Coincident,C6,99,rr2,-11.2,-26.64
Coincident,C6,9,rr1,-63.19,-75.0
Coincident,C6,9,rr2,-63.33,-75.25
Coincident,C7,108,rr1,-11.7,-34.32
Coincident,C7,108,rr2,-11.87,-34.32
Coincident,C7,117,rr1,-8.5,-31.33
Coincident,C7,117,rr2,-8.5,-31.36
Coincident,C7,127,rr1,-7.43,-30.45
Coincident,C7,127,rr2,-7.39,-30.46
Coincident,C7,18,rr1,-56.12,-69.5
Coincident,C7,18,rr2,-57.69,-69.85
Coincident,C7,27,rr1,-49.78,-62.83
Coincident,C7,27,rr2,-50.25,-63.61
Coincident,C7,36,rr1,-42.46,-60.75
Coincident,C7,36,rr2,-41.96,-60.49
Coincident,C7,63,rr1,-38.44,-58.51
Coincident,C7,63,rr2,-38.53,-58.46
Coincident,C7,72,rr1,-33.3,-54.65
Coincident,C7,72,rr2,-33.13,-54.48
Coincident,C7,81,rr1,-26.61,-48.64
Coincident,C7,81,rr2,-26.67,-48.59
Coincident,C7,90,rr1,-18.52,-40.82
Coincident,C7,90,rr2,-18.74,-41.14
Coincident,C7,99,rr1,-16.09,-38.14
Coincident,C7,99,rr2,-16.14,-38.14
Coincident,C7,9,rr1,-59.05,-70.86
Coincident,C7,9,rr2,-59.13,-71.53
Coincident,C#0,108,rr1,-11.03,-24.03
Coincident,C#0,108,rr2,-11.04,-24.03
Coincident,C#0,117,rr1,-8.57,-21.59
Coincident,C#0,117,rr2,-8.53,-21.58
Coincident,C#0,127,rr1,-7.85,-20.83
Coincident,C#0,127,rr2,-7.84,-20.81
Coincident,C#0,18,rr1,-34.39,-47.08
Coincident,C#0,18,rr2,-33.83,-46.64
Coincident,C#0,27,rr1,-32.4,-45.1
Coincident,C#0,27,rr2,-32.44,-45.19
Coincident,C#0,36,rr1,-31.13,-43.9
Coincident,C#0,36,rr2,-30.58,-43.46
Coincident,C#0,45,rr1,-28.15,-41.21
Coincident,C#0,45,rr2,-28.32,-41.43
Coincident,C#0,54,rr1,-25.5,-38.56
Coincident,C#0,54,rr2,-25.55,-38.59
Coincident,C#0,63,rr1,-22.76,-35.83
Coincident,C#0,63,rr2,-22.76,-35.84
Coincident,C#0,72,rr1,-20.18,-33.14
Coincident,C#0,72,rr2,-20.2,-33.17
Coincident,C#0,81,rr1,-17.75,-30.44
Coincident,C#0,81,rr2,-17.73,-30.43
Coincident,C#0,90,rr1,-14.9,-27.71
Coincident,C#0,90,rr2,-14.93,-27.76
Coincident,C#0,99,rr1,-13.49,-26.23
Coincident,C#0,99,rr2,-13.48,-26.24
Coincident,C#0,9,rr1,-60.2,-70.28
Coincident,C#0,9,rr2,-56.03,-66.66
Coincident,C#1,108,rr1,-9.48,-21.26
Coincident,C#1,108,rr2,-9.5,-21.27
Coincident,C#1,117,rr1,-6.7,-18.89
Coincident,C#1,117,rr2,-6.72,-18.87
Coincident,C#1,127,rr1,-5.87,-18.16
Coincident,C#1,127,rr2,-5.91,-18.18
Coincident,C#1,18,rr1,-31.48,-41.57
Coincident,C#1,18,rr2,-31.42,-41.52
Coincident,C#1,27,rr1,-30.08,-40.51
Coincident,C#1,27,rr2,-30.13,-40.56
Coincident,C#1,36,rr1,-29.07,-39.63
Coincident,C#1,36,rr2,-29.02,-39.59
Coincident,C#1,45,rr1,-26.41,-37.47
Coincident,C#1,45,rr2,-26.37,-37.45
Coincident,C#1,54,rr1,-23.51,-34.94
Coincident,C#1,54,rr2,-23.67,-35.07
Coincident,C#1,63,rr1,-20.89,-32.37
Coincident,C#1,63,rr2,-20.9,-32.38
Coincident,C#1,72,rr1,-17.99,-29.65
Coincident,C#1,72,rr2,-17.94,-29.6
Coincident,C#1,81,rr1,-15.19,-26.9
Coincident,C#1,81,rr2,-15.24,-26.95
Coincident,C#1,90,rr1,-14.1,-25.61
Coincident,C#1,90,rr2,-14.11,-25.64
Coincident,C#1,99,rr1,-11.97,-23.67
Coincident,C#1,99,rr2,-12.07,-23.76
Coincident,C#1,9,rr1,-35.6,-45.07
Coincident,C#1,9,rr2,-35.69,-45.14
Coincident,C#2,108,rr1,-11.21,-20.59
Coincident,C#2,108,rr2,-11.21,-20.6
Coincident,C#2,117,rr1,-8.66,-18.23
Coincident,C#2,117,rr2,-8.69,-18.25
Coincident,C#2,127,rr1,-7.9,-17.5
Coincident,C#2,127,rr2,-7.94,-17.5
Coincident,C#2,27,rr1,-31.18,-40.55
Coincident,C#2,27,rr2,-31.25,-40.58
Coincident,C#2,45,rr1,-28.0,-37.35
Coincident,C#2,45,rr2,-28.01,-37.35
Coincident,C#2,54,rr1,-25.01,-34.24
Coincident,C#2,54,rr2,-25.03,-34.24
Coincident,C#2,63,rr1,-22.19,-31.47
Coincident,C#2,63,rr2,-22.24,-31.49
Coincident,C#2,72,rr1,-19.58,-28.62
Coincident,C#2,72,rr2,-19.63,-28.67
Coincident,C#2,81,rr1,-16.91,-25.87
Coincident,C#2,81,rr2,-16.97,-25.9
Coincident,C#2,90,rr1,-15.68,-24.81
Coincident,C#2,90,rr2,-15.88,-24.99
Coincident,C#2,99,rr1,-13.62,-22.97
Coincident,C#2,99,rr2,-13.64,-22.97
Coincident,C#2,9,rr1,-34.37,-43.75
Coincident,C#2,9,rr2,-34.69,-44.02
Coincident,C#3,108,rr1,-6.32,-15.53
Coincident,C#3,108,rr2,-6.34,-15.54
Coincident,C#3,117,rr1,-3.52,-12.98
Coincident,C#3,117,rr2,-3.54,-12.97
Coincident,C#3,127,rr1,-2.73,-12.17
Coincident,C#3,127,rr2,-2.74,-12.18
Coincident,C#3,18,rr1,-30.21,-38.75
Coincident,C#3,18,rr2,-30.23,-38.77
Coincident,C#3,27,rr1,-27.2,-35.79
Coincident,C#3,27,rr2,-27.18,-35.78
Coincident,C#3,36,rr1,-26.34,-34.96
Coincident,C#3,36,rr2,-26.45,-35.05
Coincident,C#3,45,rr1,-24.98,-33.6
Coincident,C#3,45,rr2,-24.87,-33.52
Coincident,C#3,54,rr1,-22.15,-30.97
Coincident,C#3,54,rr2,-22.1,-30.91
Coincident,C#3,63,rr1,-19.08,-28.02
Coincident,C#3,63,rr2,-19.11,-28.05
Coincident,C#3,72,rr1,-15.54,-24.73
Coincident,C#3,72,rr2,-15.62,-24.79
Coincident,C#3,81,rr1,-12.66,-21.71
Coincident,C#3,81,rr2,-12.64,-21.7
Coincident,C#3,90,rr1,-10.77,-19.92
Coincident,C#3,90,rr2,-10.83,-19.98
Coincident,C#3,99,rr1,-8.94,-18.01
Coincident,C#3,99,rr2,-8.98,-18.02
Coincident,C#3,9,rr1,-36.46,-45.3
Coincident,C#3,9,rr2,-35.7,-44.53
Coincident,C#4,108,rr1,-5.46,-14.9
Coincident,C#4,108,rr2,-5.48,-14.94
Coincident,C#4,117,rr1,-2.29,-12.08
Coincident,C#4,117,rr2,-2.26,-12.08
Coincident,C#4,127,rr1,-1.31,-11.17
Coincident,C#4,127,rr2,-1.28,-11.18
Coincident,C#4,18,rr1,-40.3,-47.96
Coincident,C#4,18,rr2,-40.5,-48.07
Coincident,C#4,27,rr1,-31.67,-39.21
Coincident,C#4,27,rr2,-31.51,-39.06
Coincident,C#4,36,rr1,-28.73,-36.33
Coincident,C#4,36,rr2,-28.72,-36.3
Coincident,C#4,54,rr1,-25.98,-33.65
Coincident,C#4,54,rr2,-26.35,-33.97
Coincident,C#4,63,rr1,-23.16,-30.8
Coincident,C#4,63,rr2,-23.18,-30.76
Coincident,C#4,72,rr1,-18.77,-26.75
Coincident,C#4,72,rr2,-18.76,-26.75
Coincident,C#4,81,rr1,-14.38,-22.89
Coincident,C#4,81,rr2,-14.36,-22.88
Coincident,C#4,90,rr1,-10.65,-19.61
Coincident,C#4,90,rr2,-10.83,-19.8
Coincident,C#4,99,rr1,-8.34,-17.65
Coincident,C#4,99,rr2,-8.33,-17.65
Coincident,C#4,9,rr1,-54.25,-63.12
Coincident,C#4,9,rr2,-53.34,-62.0
Coincident,C#5,108,rr1,-6.66,-18.34
Coincident,C#5,108,rr2,-6.68,-18.34
Coincident,C#5,117,rr1,-3.86,-15.69
Coincident,C#5,117,rr2,-3.88,-15.71
Coincident,C#5,127,rr1,-3.0,-14.77
Coincident,C#5,127,rr2,-3.06,-14.78
Coincident,C#5,18,rr1,-45.38,-57.08
Coincident,C#5,18,rr2,-44.96,-56.65
Coincident,C#5,27,rr1,-35.66,-46.28
Coincident,C#5,27,rr2,-36.23,-46.92
Coincident,C#5,36,rr1,-33.16,-43.67
Coincident,C#5,36,rr2,-33.48,-44.02
Coincident,C#5,45,rr1,-32.41,-42.87
Coincident,C#5,45,rr2,-32.13,-42.59
Coincident,C#5,54,rr1,-31.07,-41.57
Coincident,C#5,54,rr2,-29.95,-40.42
Coincident,C#5,63,rr1,-25.47,-35.93
Coincident,C#5,63,rr2,-25.35,-35.83
Coincident,C#5,72,rr1,-20.48,-31.16
Coincident,C#5,72,rr2,-19.9,-30.57
Coincident,C#5,81,rr1,-15.49,-26.74
Coincident,C#5,81,rr2,-15.44,-26.67
Coincident,C#5,90,rr1,-11.62,-22.94
Coincident,C#5,90,rr2,-11.6,-22.94
Coincident,C#5,99,rr1,-9.3,-20.87
Coincident,C#5,99,rr2,-9.32,-20.89
Coincident,C#5,9,rr1,-55.2,-70.45
Coincident,C#5,9,rr2,-59.71,-75.18
Coincident,C#6,108,rr1,-9.15,-28.0
Coincident,C#6,108,rr2,-9.14,-27.9
Coincident,C#6,117,rr1,-6.0,-24.64
Coincident,C#6,117,rr2,-6.04,-24.23
Coincident,C#6,127,rr1,-5.19,-23.25
Coincident,C#6,127,rr2,-5.25,-23.34
Coincident,C#6,18,rr1,-53.1,-71.43
Coincident,C#6,18,rr2,-53.35,-71.55
Coincident,C#6,27,rr1,-44.28,-63.81
Coincident,C#6,27,rr2,-43.72,-63.3
Coincident,C#6,36,rr1,-41.27,-59.98
Coincident,C#6,36,rr2,-41.42,-60.07
Coincident,C#6,54,rr1,-35.92,-54.37
Coincident,C#6,54,rr2,-36.4,-54.74
Coincident,C#6,63,rr1,-29.97,-48.9
Coincident,C#6,63,rr2,-29.96,-48.83
Coincident,C#6,72,rr1,-23.75,-42.76
Coincident,C#6,72,rr2,-23.76,-42.76
Coincident,C#6,81,rr1,-18.5,-37.4
Coincident,C#6,81,rr2,-18.62,-37.51
Coincident,C#6,90,rr1,-14.3,-33.15
Coincident,C#6,90,rr2,-14.39,-33.22
Coincident,C#6,99,rr1,-12.27,-31.11
Coincident,C#6,99,rr2,-12.27,-31.07
Coincident,C#6,9,rr1,-61.99,-75.27
Coincident,C#6,9,rr2,-60.39,-74.92
Coincident,D0,108,rr1,-11.49,-24.23
Coincident,D0,108,rr2,-11.48,-24.22
Coincident,D0,117,rr1,-8.98,-21.93
Coincident,D0,117,rr2,-8.97,-21.93
Coincident,D0,127,rr1,-7.98,-21.08
Coincident,D0,127,rr2,-7.96,-21.08
Coincident,D0,18,rr1,-35.1,-48.13
Coincident,D0,18,rr2,-34.78,-47.89
Coincident,D0,27,rr1,-33.71,-46.78
Coincident,D0,27,rr2,-33.72,-46.81
Coincident,D0,36,rr1,-32.16,-45.42
Coincident,D0,36,rr2,-32.36,-45.57
Coincident,D0,45,rr1,-26.96,-40.75
Coincident,D0,45,rr2,-27.22,-40.93
Coincident,D0,54,rr1,-24.07,-37.57
Coincident,D0,54,rr2,-24.06,-37.55
Coincident,D0,63,rr1,-21.87,-34.99
Coincident,D0,63,rr2,-21.87,-35.0
Coincident,D0,72,rr1,-19.29,-32.29
Coincident,D0,72,rr2,-19.28,-32.27
Coincident,D0,81,rr1,-16.56,-29.5
Coincident,D0,81,rr2,-16.56,-29.49
Coincident,D0,90,rr1,-15.25,-28.06
Coincident,D0,90,rr2,-15.34,-28.14
Coincident,D0,99,rr1,-13.78,-26.42
Coincident,D0,99,rr2,-13.82,-26.44
Coincident,D0,9,rr1,-40.17,-52.66
Coincident,D0,9,rr2,-40.41,-52.86
Coincident,D1,108,rr1,-12.06,-22.54
Coincident,D1,108,rr2,-12.04,-22.54
Coincident,D1,117,rr1,-9.76,-20.09
Coincident,D1,117,rr2,-9.76,-20.09
Coincident,D1,127,rr1,-9.22,-19.41
Coincident,D1,127,rr2,-9.24,-19.41
Coincident,D1,18,rr1,-33.81,-43.14
Coincident,D1,18,rr2,-33.95,-43.26
Coincident,D1,36,rr1,-31.93,-41.26
Coincident,D1,36,rr2,-31.95,-41.3
Coincident,D1,45,rr1,-28.42,-38.07
Coincident,D1,45,rr2,-28.47,-38.18
Coincident,D1,54,rr1,-25.31,-35.33
Coincident,D1,54,rr2,-25.31,-35.35
Coincident,D1,63,rr1,-22.64,-32.82
Coincident,D1,63,rr2,-22.66,-32.82
Coincident,D1,72,rr1,-19.51,-29.92
Coincident,D1,72,rr2,-19.8,-30.14
Coincident,D1,81,rr1,-17.06,-27.69
Coincident,D1,81,rr2,-17.1,-27.72
Coincident,D1,90,rr1,-16.13,-26.58
Coincident,D1,90,rr2,-16.17,-26.64
Coincident,D1,99,rr1,-14.43,-24.88
Coincident,D1,99,rr2,-14.42,-24.88
Coincident,D1,9,rr1,-36.47,-45.82
Coincident,D1,9,rr2,-36.41,-45.78
Coincident,D2,108,rr1,-9.81,-20.11
Coincident,D2,108,rr2,-9.82,-20.12
Coincident,D2,117,rr1,-7.68,-17.76
Coincident,D2,117,rr2,-7.63,-17.71
Coincident,D2,127,rr1,-6.69,-16.99
Coincident,D2,127,rr2,-6.69,-17.0
Coincident,D2,18,rr1,-33.01,-42.37
Coincident,D2,18,rr2,-33.07,-42.46
Coincident,D2,27,rr1,-30.81,-39.99
Coincident,D2,27,rr2,-31.09,-40.33
Coincident,D2,36,rr1,-30.61,-39.6
Coincident,D2,36,rr2,-30.58,-39.58
Coincident,D2,45,rr1,-28.79,-37.71
Coincident,D2,45,rr2,-28.77,-37.7
Coincident,D2,54,rr1,-25.93,-34.76
Coincident,D2,54,rr2,-25.87,-34.65
Coincident,D2,63,rr1,-22.93,-31.86
Coincident,D2,63,rr2,-22.89,-31.83
Coincident,D2,72,rr1,-19.45,-28.72
Coincident,D2,72,rr2,-19.55,-28.83
Coincident,D2,81,rr1,-16.8,-26.12
Coincident,D2,81,rr2,-16.55,-25.91
Coincident,D2,90,rr1,-14.62,-24.23
Coincident,D2,90,rr2,-14.7,-24.31
Coincident,D2,99,rr1,-13.03,-22.53
Coincident,D2,99,rr2,-13.06,-22.54
Coincident,D2,9,rr1,-38.99,-48.98
Coincident,D2,9,rr2,-39.2,-49.16
Coincident,D3,108,rr1,-8.43,-19.28
Coincident,D3,108,rr2,-8.44,-19.29
Coincident,D3,117,rr1,-5.35,-16.74
Coincident,D3,117,rr2,-5.34,-16.74
Coincident,D3,127,rr1,-4.17,-15.88
Coincident,D3,127,rr2,-4.15,-15.88
Coincident,D3,18,rr1,-36.67,-47.48
Coincident,D3,18,rr2,-36.74,-47.56
Coincident,D3,27,rr1,-30.75,-41.75
Coincident,D3,27,rr2,-30.73,-41.71
Coincident,D3,36,rr1,-28.13,-39.09
Coincident,D3,36,rr2,-28.2,-39.17
Coincident,D3,45,rr1,-26.49,-37.48
Coincident,D3,45,rr2,-26.25,-37.26
Coincident,D3,54,rr1,-24.09,-34.94
Coincident,D3,54,rr2,-24.1,-34.93
Coincident,D3,63,rr1,-21.51,-32.18
Coincident,D3,63,rr2,-21.51,-32.18
Coincident,D3,72,rr1,-18.3,-28.87
Coincident,D3,72,rr2,-18.35,-28.92
Coincident,D3,81,rr1,-15.05,-25.64
Coincident,D3,81,rr2,-15.28,-25.86
Coincident,D3,90,rr1,-12.46,-23.16
Coincident,D3,90,rr2,-12.7,-23.35
Coincident,D3,99,rr1,-10.46,-21.57
Coincident,D3,99,rr2,-10.46,-21.57
Coincident,D3,9,rr1,-54.34,-64.84
Coincident,D3,9,rr2,-56.34,-66.6
Coincident,D4,108,rr1,-6.24,-17.5
Coincident,D4,108,rr2,-6.25,-17.51
Coincident,D4,117,rr1,-3.45,-14.69
Coincident,D4,117,rr2,-3.47,-14.67
Coincident,D4,127,rr1,-2.55,-13.72
Coincident,D4,127,rr2,-2.51,-13.71
Coincident,D4,18,rr1,-41.63,-51.23
Coincident,D4,18,rr2,-41.25,-50.85
Coincident,D4,27,rr1,-32.16,-41.54
Coincident,D4,27,rr2,-31.86,-41.18
Coincident,D4,36,rr1,-28.89,-38.19
Coincident,D4,36,rr2,-28.81,-38.1
Coincident,D4,54,rr1,-26.08,-35.56
Coincident,D4,54,rr2,-26.05,-35.54
Coincident,D4,63,rr1,-22.89,-32.59
Coincident,D4,63,rr2,-23.03,-32.7
Coincident,D4,72,rr1,-19.07,-29.31
Coincident,D4,72,rr2,-19.02,-29.27
Coincident,D4,81,rr1,-15.07,-25.7
Coincident,D4,81,rr2,-15.0,-25.65
Coincident,D4,90,rr1,-11.38,-22.19
Coincident,D4,90,rr2,-11.46,-22.27
Coincident,D4,99,rr1,-9.25,-20.25
Coincident,D4,99,rr2,-9.26,-20.26
Coincident,D4,9,rr1,-56.76,-68.75
Coincident,D4,9,rr2,-57.92,-69.93
Coincident,D5,108,rr1,-8.15,-21.21
Coincident,D5,108,rr2,-8.14,-21.2
Coincident,D5,117,rr1,-5.8,-18.57
Coincident,D5,117,rr2,-5.73,-18.5
Coincident,D5,127,rr1,-4.62,-17.64
Coincident,D5,127,rr2,-4.47,-17.66
Coincident,D5,18,rr1,-44.96,-60.21
Coincident,D5,18,rr2,-44.61,-59.75
Coincident,D5,27,rr1,-37.62,-51.54
Coincident,D5,27,rr2,-37.68,-51.59
Coincident,D5,36,rr1,-33.38,-46.42
Coincident,D5,36,rr2,-33.34,-46.37
Coincident,D5,45,rr1,-31.61,-44.2
Coincident,D5,45,rr2,-31.71,-44.32
Coincident,D5,54,rr1,-29.78,-41.93
Coincident,D5,54,rr2,-29.77,-41.92
Coincident,D5,63,rr1,-26.79,-38.95
Coincident,D5,63,rr2,-26.88,-39.07
Coincident,D5,72,rr1,-22.08,-34.69
Coincident,D5,72,rr2,-22.06,-34.64
Coincident,D5,81,rr1,-17.69,-30.2
Coincident,D5,81,rr2,-17.67,-30.19
Coincident,D5,90,rr1,-12.31,-25.41
Coincident,D5,90,rr2,-12.54,-25.66
Coincident,D5,99,rr1,-10.28,-23.76
Coincident,D5,99,rr2,-10.3,-23.77
Coincident,D5,9,rr1,-54.13,-69.69
Coincident,D5,9,rr2,-53.26,-69.18
Coincident,D6,108,rr1,-3.89,-21.07
Coincident,D6,108,rr2,-3.87,-21.03
Coincident,D6,117,rr1,-1.24,-18.61
Coincident,D6,117,rr2,-1.2,-18.54
Coincident,D6,127,rr1,-0.33,-17.78
Coincident,D6,127,rr2,-0.35,-17.72
Coincident,D6,18,rr1,-58.31,-72.64
Coincident,D6,18,rr2,-59.17,-72.71
Coincident,D6,27,rr1,-44.31,-63.2
Coincident,D6,27,rr2,-44.34,-63.18
Coincident,D6,36,rr1,-36.72,-55.22
Coincident,D6,36,rr2,-36.86,-55.53
Coincident,D6,54,rr1,-33.11,-50.91
Coincident,D6,54,rr2,-33.16,-50.96
Coincident,D6,63,rr1,-28.54,-45.63
Coincident,D6,63,rr2,-28.63,-45.72
Coincident,D6,72,rr1,-21.52,-38.14
Coincident,D6,72,rr2,-21.42,-38.1
Coincident,D6,81,rr1,-14.99,-31.44
Coincident,D6,81,rr2,-15.0,-31.46
Coincident,D6,90,rr1,-9.43,-26.01
Coincident,D6,90,rr2,-9.66,-26.21
Coincident,D6,99,rr1,-7.15,-23.85
Coincident,D6,99,rr2,-7.1,-23.81
Coincident,D6,9,rr1,-63.68,-76.76
Coincident,D6,9,rr2,-62.96,-75.65
Coincident,D#0,108,rr1,-10.15,-23.21
Coincident,D#0,108,rr2,-10.17,-23.21
Coincident,D#0,117,rr1,-7.5,-20.81
Coincident,D#0,117,rr2,-7.52,-20.81
Coincident,D#0,127,rr1,-6.74,-19.87
Coincident,D#0,127,rr2,-6.75,-19.88
Coincident,D#0,18,rr1,-35.07,-46.51
Coincident,D#0,18,rr2,-34.92,-46.37
Coincident,D#0,27,rr1,-33.1,-44.8
Coincident,D#0,27,rr2,-32.98,-44.67
Coincident,D#0,36,rr1,-31.69,-43.39
Coincident,D#0,36,rr2,-31.37,-43.04
Coincident,D#0,45,rr1,-28.92,-40.81
Coincident,D#0,45,rr2,-29.11,-40.95
Coincident,D#0,54,rr1,-25.75,-38.07
Coincident,D#0,54,rr2,-25.79,-38.09
Coincident,D#0,63,rr1,-22.63,-35.15
Coincident,D#0,63,rr2,-22.5,-35.02
Coincident,D#0,72,rr1,-19.56,-32.24
Coincident,D#0,72,rr2,-19.59,-32.26
Coincident,D#0,81,rr1,-16.28,-29.25
Coincident,D#0,81,rr2,-16.34,-29.3
Coincident,D#0,90,rr1,-13.96,-27.05
Coincident,D#0,90,rr2,-14.05,-27.12
Coincident,D#0,99,rr1,-12.25,-25.48
Coincident,D#0,99,rr2,-12.27,-25.48
Coincident,D#0,9,rr1,-43.07,-53.92
Coincident,D#0,9,rr2,-44.99,-55.82
Coincident,D#1,108,rr1,-10.39,-20.15
Coincident,D#1,108,rr2,-10.41,-20.17
Coincident,D#1,117,rr1,-7.26,-17.82
Coincident,D#1,117,rr2,-7.33,-17.85
Coincident,D#1,127,rr1,-6.41,-17.17
Coincident,D#1,127,rr2,-6.39,-17.17
Coincident,D#1,18,rr1,-32.68,-40.85
Coincident,D#1,18,rr2,-32.65,-40.85
Coincident,D#1,36,rr1,-29.78,-38.29
Coincident,D#1,36,rr2,-29.82,-38.33
Coincident,D#1,45,rr1,-26.84,-35.35
Coincident,D#1,45,rr2,-26.76,-35.29
Coincident,D#1,54,rr1,-24.13,-32.44
Coincident,D#1,54,rr2,-24.12,-32.45
Coincident,D#1,63,rr1,-20.99,-30.1
Coincident,D#1,63,rr2,-20.99,-30.1
Coincident,D#1,72,rr1,-18.4,-27.5
Coincident,D#1,72,rr2,-18.43,-27.55
Coincident,D#1,81,rr1,-15.5,-25.1
Coincident,D#1,81,rr2,-15.54,-25.13
Coincident,D#1,90,rr1,-14.43,-24.21
Coincident,D#1,90,rr2,-14.41,-24.21
Coincident,D#1,99,rr1,-12.47,-22.46
Coincident,D#1,99,rr2,-12.51,-22.47
Coincident,D#1,9,rr1,-35.28,-43.55
Coincident,D#1,9,rr2,-34.88,-43.2
Coincident,D#2,108,rr1,-9.93,-19.79
Coincident,D#2,108,rr2,-9.9,-19.8
Coincident,D#2,117,rr1,-7.26,-17.29
Coincident,D#2,117,rr2,-7.29,-17.32
Coincident,D#2,127,rr1,-6.27,-16.47
Coincident,D#2,127,rr2,-6.3,-16.47
Coincident,D#2,36,rr1,-29.65,-38.74
Coincident,D#2,36,rr2,-29.46,-38.57
Coincident,D#2,45,rr1,-26.42,-35.7
Coincident,D#2,45,rr2,-26.43,-35.71
Coincident,D#2,54,rr1,-23.44,-32.82
Coincident,D#2,54,rr2,-23.45,-32.83
Coincident,D#2,63,rr1,-20.65,-30.21
Coincident,D#2,63,rr2,-20.68,-30.26
Coincident,D#2,72,rr1,-17.75,-27.48
Coincident,D#2,72,rr2,-17.77,-27.51
Coincident,D#2,81,rr1,-15.29,-24.99
Coincident,D#2,81,rr2,-15.24,-24.96
Coincident,D#2,90,rr1,-14.17,-23.96
Coincident,D#2,90,rr2,-14.3,-24.14
Coincident,D#2,99,rr1,-12.26,-22.18
Coincident,D#2,99,rr2,-12.3,-22.19
Coincident,D#2,9,rr1,-33.49,-42.49
Coincident,D#2,9,rr2,-33.54,-42.56
Coincident,D#3,108,rr1,-7.52,-20.38
Coincident,D#3,108,rr2,-7.52,-20.39
Coincident,D#3,117,rr1,-4.3,-17.77
Coincident,D#3,117,rr2,-4.33,-17.75
Coincident,D#3,127,rr1,-3.4,-16.87
Coincident,D#3,127,rr2,-3.37,-16.86
Coincident,D#3,18,rr1,-31.18,-43.11
Coincident,D#3,18,rr2,-31.19,-43.09
Coincident,D#3,27,rr1,-28.35,-40.4
Coincident,D#3,27,rr2,-28.38,-40.44
Coincident,D#3,36,rr1,-27.51,-39.67
Coincident,D#3,36,rr2,-27.45,-39.63
Coincident,D#3,45,rr1,-26.54,-38.56
Coincident,D#3,45,rr2,-26.43,-38.49
Coincident,D#3,54,rr1,-24.02,-36.21
Coincident,D#3,54,rr2,-24.01,-36.18
Coincident,D#3,63,rr1,-21.19,-33.34
Coincident,D#3,63,rr2,-21.15,-33.31
Coincident,D#3,72,rr1,-17.88,-30.05
Coincident,D#3,72,rr2,-17.9,-30.06
Coincident,D#3,81,rr1,-14.6,-26.84
Coincident,D#3,81,rr2,-14.63,-26.87
Coincident,D#3,90,rr1,-12.38,-24.89
Coincident,D#3,90,rr2,-12.57,-25.08
Coincident,D#3,99,rr1,-10.45,-22.98
Coincident,D#3,99,rr2,-10.45,-22.99
Coincident,D#3,9,rr1,-37.55,-49.22
Coincident,D#3,9,rr2,-36.84,-48.62
Coincident,D#4,108,rr1,-7.46,-20.89
Coincident,D#4,108,rr2,-7.44,-20.97
Coincident,D#4,117,rr1,-3.83,-18.51
Coincident,D#4,117,rr2,-3.8,-18.75
Coincident,D#4,127,rr1,-2.85,-18.03
Coincident,D#4,127,rr2,-2.83,-18.15
Coincident,D#4,18,rr1,-46.83,-58.55
Coincident,D#4,18,rr2,-46.09,-57.9
Coincident,D#4,27,rr1,-34.88,-47.34
Coincident,D#4,27,rr2,-35.29,-47.72
Coincident,D#4,36,rr1,-30.35,-43.54
Coincident,D#4,36,rr2,-30.03,-43.19
Coincident,D#4,54,rr1,-26.8,-40.41
Coincident,D#4,54,rr2,-26.88,-40.43
Coincident,D#4,63,rr1,-23.94,-37.53
Coincident,D#4,63,rr2,-23.97,-37.57
Coincident,D#4,72,rr1,-19.73,-33.52
Coincident,D#4,72,rr2,-19.76,-33.53
Coincident,D#4,81,rr1,-15.77,-29.45
Coincident,D#4,81,rr2,-15.8,-29.47
Coincident,D#4,90,rr1,-11.51,-25.34
Coincident,D#4,90,rr2,-11.68,-25.53
Coincident,D#4,99,rr1,-10.14,-23.52
Coincident,D#4,99,rr2,-10.14,-23.53
Coincident,D#4,9,rr1,-58.69,-73.04
Coincident,D#4,9,rr2,-59.69,-73.09
Coincident,D#5,108,rr1,-9.48,-25.63
Coincident,D#5,108,rr2,-9.44,-25.59
Coincident,D#5,117,rr1,-6.37,-22.81
Coincident,D#5,117,rr2,-6.41,-22.72
Coincident,D#5,127,rr1,-5.36,-21.79
Coincident,D#5,127,rr2,-5.44,-21.73
Coincident,D#5,18,rr1,-44.55,-62.58
Coincident,D#5,18,rr2,-44.57,-62.63
Coincident,D#5,27,rr1,-36.94,-54.04
Coincident,D#5,27,rr2,-37.34,-54.44
Coincident,D#5,36,rr1,-35.34,-52.15
Coincident,D#5,36,rr2,-34.57,-51.39
Coincident,D#5,45,rr1,-32.97,-49.5
Coincident,D#5,45,rr2,-33.07,-49.64
Coincident,D#5,54,rr1,-30.4,-46.51
Coincident,D#5,54,rr2,-30.4,-46.5
Coincident,D#5,63,rr1,-26.8,-42.7
Coincident,D#5,63,rr2,-26.56,-42.51
Coincident,D#5,72,rr1,-22.45,-38.01
Coincident,D#5,72,rr2,-22.3,-37.82
Coincident,D#5,81,rr1,-18.24,-33.77
Coincident,D#5,81,rr2,-18.26,-33.81
Coincident,D#5,90,rr1,-14.36,-30.07
Coincident,D#5,90,rr2,-14.4,-30.09
Coincident,D#5,99,rr1,-12.54,-28.3
Coincident,D#5,99,rr2,-12.52,-28.27
Coincident,D#5,9,rr1,-52.76,-71.08
Coincident,D#5,9,rr2,-53.14,-71.23
Coincident,D#6,108,rr1,-10.74,-26.3
Coincident,D#6,108,rr2,-10.75,-26.23
Coincident,D#6,117,rr1,-8.32,-23.47
Coincident,D#6,117,rr2,-8.45,-23.6
Coincident,D#6,127,rr1,-7.16,-23.15
Coincident,D#6,127,rr2,-7.2,-23.29
Coincident,D#6,18,rr1,-56.4,-72.32
Coincident,D#6,18,rr2,-56.94,-72.44
Coincident,D#6,27,rr1,-48.0,-65.94
Coincident,D#6,27,rr2,-48.51,-65.97
Coincident,D#6,36,rr1,-43.67,-60.23
Coincident,D#6,36,rr2,-43.99,-60.22
Coincident,D#6,54,rr1,-39.13,-55.59
Coincident,D#6,54,rr2,-39.39,-55.96
Coincident,D#6,63,rr1,-34.06,-50.41
Coincident,D#6,63,rr2,-34.06,-50.44
Coincident,D#6,72,rr1,-27.53,-43.29
Coincident,D#6,72,rr2,-27.04,-42.81
Coincident,D#6,81,rr1,-21.11,-36.25
Coincident,D#6,81,rr2,-21.44,-36.67
Coincident,D#6,90,rr1,-16.42,-31.7
Coincident,D#6,90,rr2,-16.46,-31.76
Coincident,D#6,99,rr1,-14.59,-29.6
Coincident,D#6,99,rr2,-14.53,-29.58
Coincident,D#6,9,rr1,-63.08,-75.62
Coincident,D#6,9,rr2,-62.68,-74.78
Coincident,E0,108,rr1,-13.17,-24.54
Coincident,E0,108,rr2,-13.16,-24.53
Coincident,E0,117,rr1,-10.58,-22.24
Coincident,E0,117,rr2,-10.59,-22.24
Coincident,E0,127,rr1,-9.68,-21.44
Coincident,E0,127,rr2,-9.71,-21.44
Coincident,E0,18,rr1,-36.31,-46.22
Coincident,E0,18,rr2,-36.29,-46.2
Coincident,E0,36,rr1,-33.27,-43.5
Coincident,E0,36,rr2,-33.3,-43.5
Coincident,E0,45,rr1,-29.71,-40.08
Coincident,E0,45,rr2,-29.74,-40.1
Coincident,E0,54,rr1,-26.83,-37.59
Coincident,E0,54,rr2,-26.82,-37.49
Coincident,E0,63,rr1,-23.93,-34.95
Coincident,E0,63,rr2,-24.1,-35.04
Coincident,E0,72,rr1,-21.82,-32.71
Coincident,E0,72,rr2,-21.79,-32.64
Coincident,E0,81,rr1,-19.08,-30.03
Coincident,E0,81,rr2,-19.12,-30.05
Coincident,E0,90,rr1,-17.14,-28.25
Coincident,E0,90,rr2,-17.29,-28.42
Coincident,E0,99,rr1,-15.65,-26.76
Coincident,E0,99,rr2,-15.66,-26.76
Coincident,E0,9,rr1,-42.3,-51.77
Coincident,E0,9,rr2,-42.38,-51.87
Coincident,E1,108,rr1,-10.22,-20.24
Coincident,E1,108,rr2,-10.21,-20.24
Coincident,E1,117,rr1,-7.67,-18.06
Coincident,E1,117,rr2,-7.72,-18.07
Coincident,E1,127,rr1,-7.0,-17.32
Coincident,E1,127,rr2,-6.98,-17.3
Coincident,E1,18,rr1,-34.04,-42.77
Coincident,E1,18,rr2,-33.81,-42.55
Coincident,E1,27,rr1,-33.02,-41.75
Coincident,E1,27,rr2,-32.95,-41.67
Coincident,E1,36,rr1,-30.04,-38.99
Coincident,E1,36,rr2,-30.02,-38.98
Coincident,E1,45,rr1,-26.5,-35.58
Coincident,E1,45,rr2,-26.48,-35.58
Coincident,E1,54,rr1,-23.68,-32.83
Coincident,E1,54,rr2,-23.62,-32.78
Coincident,E1,63,rr1,-20.84,-30.17
Coincident,E1,63,rr2,-20.81,-30.14
Coincident,E1,72,rr1,-18.32,-27.66
Coincident,E1,72,rr2,-18.34,-27.69
Coincident,E1,81,rr1,-15.93,-25.35
Coincident,E1,81,rr2,-15.89,-25.3
Coincident,E1,90,rr1,-14.61,-24.18
Coincident,E1,90,rr2,-14.59,-24.16
Coincident,E1,99,rr1,-12.71,-22.47
Coincident,E1,99,rr2,-12.74,-22.48
Coincident,E1,9,rr1,-37.25,-45.97
Coincident,E1,9,rr2,-37.15,-45.94
Coincident,E2,108,rr1,-11.55,-22.88
Coincident,E2,108,rr2,-11.58,-22.89
Coincident,E2,117,rr1,-9.13,-20.37
Coincident,E2,117,rr2,-9.11,-20.35
Coincident,E2,127,rr1,-8.34,-19.58
Coincident,E2,127,rr2,-8.37,-19.57
Coincident,E2,18,rr1,-35.77,-45.78
Coincident,E2,18,rr2,-35.65,-45.63
Coincident,E2,27,rr1,-33.47,-43.49
Coincident,E2,27,rr2,-33.4,-43.34
Coincident,E2,45,rr1,-31.44,-41.37
Coincident,E2,45,rr2,-31.69,-41.59
Coincident,E2,54,rr1,-28.7,-38.54
Coincident,E2,54,rr2,-28.6,-38.47
Coincident,E2,63,rr1,-25.37,-35.38
Coincident,E2,63,rr2,-25.4,-35.4
Coincident,E2,72,rr1,-21.84,-31.98
Coincident,E2,72,rr2,-21.98,-32.1
Coincident,E2,81,rr1,-18.35,-28.97
Coincident,E2,81,rr2,-18.35,-29.0
Coincident,E2,90,rr1,-16.43,-27.17
Coincident,E2,90,rr2,-16.5,-27.24
Coincident,E2,99,rr1,-14.49,-25.29
Coincident,E2,99,rr2,-14.48,-25.3
Coincident,E2,9,rr1,-40.43,-50.5
Coincident,E2,9,rr2,-40.76,-50.82
Coincident,E3,108,rr1,-6.98,-20.68
Coincident,E3,108,rr2,-7.02,-20.69
Coincident,E3,117,rr1,-4.42,-18.15
Coincident,E3,117,rr2,-4.42,-18.14
Coincident,E3,127,rr1,-3.5,-17.35
Coincident,E3,127,rr2,-3.53,-17.35
Coincident,E3,18,rr1,-33.75,-45.21
Coincident,E3,18,rr2,-33.6,-45.07
Coincident,E3,27,rr1,-29.48,-41.39
Coincident,E3,27,rr2,-29.59,-41.47
Coincident,E3,36,rr1,-28.36,-40.42
Coincident,E3,36,rr2,-28.48,-40.53
Coincident,E3,45,rr1,-27.1,-39.34
Coincident,E3,45,rr2,-26.75,-39.04
Coincident,E3,54,rr1,-24.15,-36.61
Coincident,E3,54,rr2,-24.22,-36.67
Coincident,E3,63,rr1,-20.85,-33.66
Coincident,E3,63,rr2,-20.82,-33.61
Coincident,E3,72,rr1,-17.31,-30.33
Coincident,E3,72,rr2,-17.33,-30.35
Coincident,E3,81,rr1,-13.99,-27.19
Coincident,E3,81,rr2,-13.93,-27.13
Coincident,E3,90,rr1,-11.5,-24.96
Coincident,E3,90,rr2,-11.71,-25.14
Coincident,E3,99,rr1,-9.34,-23.15
Coincident,E3,99,rr2,-9.38,-23.17
Coincident,E3,9,rr1,-41.52,-51.99
Coincident,E3,9,rr2,-41.48,-51.89
Coincident,E4,108,rr1,-7.93,-23.26
Coincident,E4,108,rr2,-7.93,-23.27
Coincident,E4,117,rr1,-5.05,-20.7
Coincident,E4,117,rr2,-5.03,-20.71
Coincident,E4,127,rr1,-4.15,-19.92
Coincident,E4,127,rr2,-4.16,-19.97
Coincident,E4,18,rr1,-43.74,-57.62
Coincident,E4,18,rr2,-43.28,-57.22
Coincident,E4,27,rr1,-34.72,-48.57
Coincident,E4,27,rr2,-34.3,-48.15
Coincident,E4,36,rr1,-30.85,-44.87
Coincident,E4,36,rr2,-30.85,-44.87
Coincident,E4,54,rr1,-27.12,-41.26
Coincident,E4,54,rr2,-27.38,-41.5
Coincident,E4,63,rr1,-24.07,-38.13
Coincident,E4,63,rr2,-24.09,-38.11
Coincident,E4,72,rr1,-20.47,-34.48
Coincident,E4,72,rr2,-20.53,-34.53
Coincident,E4,81,rr1,-16.79,-30.89
Coincident,E4,81,rr2,-16.62,-30.75
Coincident,E4,90,rr1,-12.87,-27.57
Coincident,E4,90,rr2,-12.94,-27.6
Coincident,E4,99,rr1,-11.0,-25.74
Coincident,E4,99,rr2,-11.01,-25.76
Coincident,E4,9,rr1,-63.22,-75.93
Coincident,E4,9,rr2,-61.12,-74.28
Coincident,E6,108,rr1,-7.83,-25.29
Coincident,E6,108,rr2,-7.75,-25.27
Coincident,E6,117,rr1,-4.95,-22.89
Coincident,E6,117,rr2,-4.85,-22.63
Coincident,E6,127,rr1,-4.16,-22.2
Coincident,E6,127,rr2,-4.1,-22.17
Coincident,E6,18,rr1,-52.02,-70.5
Coincident,E6,18,rr2,-51.93,-70.52
Coincident,E6,27,rr1,-42.45,-61.45
Coincident,E6,27,rr2,-42.66,-61.7
Coincident,E6,36,rr1,-38.22,-56.17
Coincident,E6,36,rr2,-37.06,-55.03
Coincident,E6,54,rr1,-34.8,-52.47
Coincident,E6,54,rr2,-33.22,-50.8
Coincident,E6,63,rr1,-29.52,-46.95
Coincident,E6,63,rr2,-29.82,-47.33
Coincident,E6,72,rr1,-23.91,-41.02
Coincident,E6,72,rr2,-24.06,-41.16
Coincident,E6,81,rr1,-18.45,-35.33
Coincident,E6,81,rr2,-18.6,-35.57
Coincident,E6,90,rr1,-12.78,-29.79
Coincident,E6,90,rr2,-12.97,-29.96
Coincident,E6,99,rr1,-10.79,-27.99
Coincident,E6,99,rr2,-10.8,-27.98
Coincident,E6,9,rr1,-55.88,-73.63
Coincident,E6,9,rr2,-57.67,-74.1
Coincident,F0,108,rr1,-7.8,-22.52
Coincident,F0,108,rr2,-7.83,-22.56
Coincident,F0,117,rr1,-5.44,-20.13
Coincident,F0,117,rr2,-5.47,-20.14
Coincident,F0,127,rr1,-4.72,-19.31
Coincident,F0,127,rr2,-4.74,-19.3
Coincident,F0,18,rr1,-33.73,-46.28
Coincident,F0,18,rr2,-33.85,-46.34
Coincident,F0,36,rr1,-30.8,-43.52
Coincident,F0,36,rr2,-30.94,-43.58
Coincident,F0,45,rr1,-25.97,-39.58
Coincident,F0,45,rr2,-25.52,-39.18
Coincident,F0,54,rr1,-21.84,-36.21
Coincident,F0,54,rr2,-21.89,-36.25
Coincident,F0,63,rr1,-18.86,-33.67
Coincident,F0,63,rr2,-18.68,-33.54
Coincident,F0,72,rr1,-16.1,-31.02
Coincident,F0,72,rr2,-16.16,-31.09
Coincident,F0,81,rr1,-13.41,-28.43
Coincident,F0,81,rr2,-13.39,-28.41
Coincident,F0,90,rr1,-11.68,-26.57
Coincident,F0,90,rr2,-11.73,-26.62
Coincident,F0,99,rr1,-10.24,-24.93
Coincident,F0,99,rr2,-10.24,-24.93
Coincident,F0,9,rr1,-39.42,-50.45
Coincident,F0,9,rr2,-39.49,-50.5
Coincident,F1,108,rr1,-10.05,-21.05
Coincident,F1,108,rr2,-10.04,-21.05
Coincident,F1,117,rr1,-7.41,-18.74
Coincident,F1,117,rr2,-7.41,-18.74
Coincident,F1,127,rr1,-6.55,-18.06
Coincident,F1,127,rr2,-6.55,-18.07
Coincident,F1,18,rr1,-34.15,-44.17
Coincident,F1,18,rr2,-34.04,-44.01
Coincident,F1,36,rr1,-31.78,-42.12
Coincident,F1,36,rr2,-31.88,-42.23
Coincident,F1,45,rr1,-28.22,-38.72
Coincident,F1,45,rr2,-28.39,-38.9
Coincident,F1,54,rr1,-24.94,-35.52
Coincident,F1,54,rr2,-24.82,-35.37
Coincident,F1,63,rr1,-21.95,-32.46
Coincident,F1,63,rr2,-22.11,-32.59
Coincident,F1,72,rr1,-19.05,-29.6
Coincident,F1,72,rr2,-19.03,-29.58
Coincident,F1,81,rr1,-15.95,-26.73
Coincident,F1,81,rr2,-15.75,-26.52
Coincident,F1,90,rr1,-14.51,-25.26
Coincident,F1,90,rr2,-14.6,-25.33
Coincident,F1,99,rr1,-12.58,-23.42
Coincident,F1,99,rr2,-12.57,-23.42
Coincident,F1,9,rr1,-43.48,-52.65
Coincident,F1,9,rr2,-42.96,-52.03
Coincident,F2,108,rr1,-11.41,-20.48
Coincident,F2,108,rr2,-11.42,-20.48
Coincident,F2,117,rr1,-9.05,-17.98
Coincident,F2,117,rr2,-9.03,-17.98
Coincident,F2,127,rr1,-7.97,-17.16
Coincident,F2,127,rr2,-7.96,-17.16
Coincident,F2,18,rr1,-33.82,-41.38
Coincident,F2,18,rr2,-33.69,-41.23
Coincident,F2,27,rr1,-31.23,-38.98
Coincident,F2,27,rr2,-31.21,-38.97
Coincident,F2,45,rr1,-29.59,-37.42
Coincident,F2,45,rr2,-29.72,-37.53
Coincident,F2,54,rr1,-27.3,-35.05
Coincident,F2,54,rr2,-27.31,-35.03
Coincident,F2,63,rr1,-24.47,-32.3
Coincident,F2,63,rr2,-24.49,-32.3
Coincident,F2,72,rr1,-21.26,-29.23
Coincident,F2,72,rr2,-21.35,-29.31
Coincident,F2,81,rr1,-18.14,-26.51
Coincident,F2,81,rr2,-18.1,-26.47
Coincident,F2,90,rr1,-16.0,-24.67
Coincident,F2,90,rr2,-16.12,-24.76
Coincident,F2,99,rr1,-14.13,-22.84
Coincident,F2,99,rr2,-14.24,-22.92
Coincident,F2,9,rr1,-39.15,-46.16
Coincident,F2,9,rr2,-39.9,-46.88
Coincident,F3,108,rr1,-9.06,-20.04
Coincident,F3,108,rr2,-9.11,-20.05
Coincident,F3,117,rr1,-6.37,-17.52
Coincident,F3,117,rr2,-6.42,-17.54
Coincident,F3,127,rr1,-5.54,-16.8
Coincident,F3,127,rr2,-5.55,-16.84
Coincident,F3,18,rr1,-37.22,-45.47
Coincident,F3,18,rr2,-37.29,-45.51
Coincident,F3,27,rr1,-33.21,-41.81
Coincident,F3,27,rr2,-33.09,-41.71
Coincident,F3,36,rr1,-31.85,-40.48
Coincident,F3,36,rr2,-31.6,-40.22
Coincident,F3,45,rr1,-29.93,-38.74
Coincident,F3,45,rr2,-30.03,-38.87
Coincident,F3,54,rr1,-27.06,-36.31
Coincident,F3,54,rr2,-27.06,-36.28
Coincident,F3,63,rr1,-23.46,-33.2
Coincident,F3,63,rr2,-23.54,-33.24
Coincident,F3,72,rr1,-19.61,-29.91
Coincident,F3,72,rr2,-19.72,-29.99
Coincident,F3,81,rr1,-16.07,-26.6
Coincident,F3,81,rr2,-16.19,-26.68
Coincident,F3,90,rr1,-13.78,-24.49
Coincident,F3,90,rr2,-13.69,-24.39
Coincident,F3,99,rr1,-11.91,-22.56
Coincident,F3,99,rr2,-11.92,-22.56
Coincident,F3,9,rr1,-44.5,-52.54
Coincident,F3,9,rr2,-44.76,-52.79
Coincident,F4,108,rr1,-7.62,-20.92
Coincident,F4,108,rr2,-7.65,-21.11
Coincident,F4,117,rr1,-5.29,-18.64
Coincident,F4,117,rr2,-5.36,-18.69
Coincident,F4,127,rr1,-4.49,-17.77
Coincident,F4,127,rr2,-4.52,-17.49
Coincident,F4,18,rr1,-42.28,-54.23
Coincident,F4,18,rr2,-42.21,-54.14
Coincident,F4,27,rr1,-33.96,-45.98
Coincident,F4,27,rr2,-33.84,-45.81
Coincident,F4,36,rr1,-29.89,-42.11
Coincident,F4,36,rr2,-29.92,-42.16
Coincident,F4,54,rr1,-26.57,-38.96
Coincident,F4,54,rr2,-26.3,-38.71
Coincident,F4,63,rr1,-23.07,-35.62
Coincident,F4,63,rr2,-23.15,-35.7
Coincident,F4,72,rr1,-19.41,-32.15
Coincident,F4,72,rr2,-19.45,-32.17
Coincident,F4,81,rr1,-15.94,-28.56
Coincident,F4,81,rr2,-15.88,-28.49
Coincident,F4,90,rr1,-12.0,-24.93
Coincident,F4,90,rr2,-12.12,-25.02
Coincident,F4,99,rr1,-10.32,-23.18
Coincident,F4,99,rr2,-10.33,-23.29
Coincident,F4,9,rr1,-56.64,-68.36
Coincident,F4,9,rr2,-57.62,-69.04
Coincident,F5,108,rr1,-7.6,-21.48
Coincident,F5,108,rr2,-7.55,-21.38
Coincident,F5,117,rr1,-4.84,-18.4
Coincident,F5,117,rr2,-4.85,-18.31
Coincident,F5,127,rr1,-3.74,-17.43
Coincident,F5,127,rr2,-3.75,-17.4
Coincident,F5,18,rr1,-58.2,-74.35
Coincident,F5,18,rr2,-56.93,-74.1
Coincident,F5,27,rr1,-40.18,-56.53
Coincident,F5,27,rr2,-43.14,-59.96
Coincident,F5,36,rr1,-35.47,-50.81
Coincident,F5,36,rr2,-35.42,-50.8
Coincident,F5,54,rr1,-31.41,-46.22
Coincident,F5,54,rr2,-31.35,-46.13
Coincident,F5,63,rr1,-28.29,-42.73
Coincident,F5,63,rr2,-28.31,-42.78
Coincident,F5,72,rr1,-22.99,-36.93
Coincident,F5,72,rr2,-22.96,-36.88
Coincident,F5,81,rr1,-17.73,-31.53
Coincident,F5,81,rr2,-17.8,-31.6
Coincident,F5,90,rr1,-12.49,-26.26
Coincident,F5,90,rr2,-12.71,-26.48
Coincident,F5,99,rr1,-10.63,-24.37
Coincident,F5,99,rr2,-10.67,-24.39
Coincident,F5,9,rr1,-65.09,-76.92
Coincident,F5,9,rr2,-65.31,-76.45
Coincident,F6,108,rr1,-9.93,-28.16
Coincident,F6,108,rr2,-9.87,-28.15
Coincident,F6,117,rr1,-7.25,-25.66
Coincident,F6,117,rr2,-7.04,-25.74
Coincident,F6,127,rr1,-6.05,-25.21
Coincident,F6,127,rr2,-5.99,-25.31
Coincident,F6,18,rr1,-56.3,-72.82
Coincident,F6,18,rr2,-56.21,-73.47
Coincident,F6,27,rr1,-45.21,-64.84
Coincident,F6,27,rr2,-45.33,-65.01
Coincident,F6,45,rr1,-41.49,-60.34
Coincident,F6,45,rr2,-41.44,-60.27
Coincident,F6,54,rr1,-39.42,-58.44
Coincident,F6,54,rr2,-39.38,-58.47
Coincident,F6,63,rr1,-33.82,-52.88
Coincident,F6,63,rr2,-33.94,-52.89
Coincident,F6,72,rr1,-26.57,-45.45
Coincident,F6,72,rr2,-27.36,-46.12
Coincident,F6,81,rr1,-21.4,-39.64
Coincident,F6,81,rr2,-21.47,-39.72
Coincident,F6,90,rr1,-14.66,-32.81
Coincident,F6,90,rr2,-14.82,-33.04
Coincident,F6,99,rr1,-12.81,-30.89
Coincident,F6,99,rr2,-12.84,-30.92
Coincident,F6,9,rr1,-60.55,-75.67
Coincident,F6,9,rr2,-62.81,-74.72
Coincident,F#0,108,rr1,-11.71,-23.34
Coincident,F#0,108,rr2,-11.73,-23.35
Coincident,F#0,117,rr1,-8.74,-20.97
Coincident,F#0,117,rr2,-8.75,-20.99
Coincident,F#0,127,rr1,-7.95,-20.14
Coincident,F#0,127,rr2,-7.96,-20.14
Coincident,F#0,18,rr1,-34.42,-44.82
Coincident,F#0,18,rr2,-34.05,-44.49
Coincident,F#0,27,rr1,-32.57,-42.93
Coincident,F#0,27,rr2,-32.52,-42.91
Coincident,F#0,36,rr1,-30.71,-41.34
Coincident,F#0,36,rr2,-30.69,-41.32
Coincident,F#0,45,rr1,-28.02,-38.97
Coincident,F#0,45,rr2,-27.93,-38.89
Coincident,F#0,54,rr1,-25.44,-36.44
Coincident,F#0,54,rr2,-25.48,-36.48
Coincident,F#0,63,rr1,-23.04,-34.26
Coincident,F#0,63,rr2,-23.0,-34.21
Coincident,F#0,72,rr1,-20.45,-31.72
Coincident,F#0,72,rr2,-20.48,-31.75
Coincident,F#0,81,rr1,-18.04,-29.11
Coincident,F#0,81,rr2,-17.99,-29.08
Coincident,F#0,90,rr1,-15.85,-27.15
Coincident,F#0,90,rr2,-16.06,-27.35
Coincident,F#0,99,rr1,-13.82,-25.61
Coincident,F#0,99,rr2,-13.81,-25.62
Coincident,F#0,9,rr1,-39.02,-49.26
Coincident,F#0,9,rr2,-38.47,-48.8
Coincident,F#1,108,rr1,-7.03,-21.13
Coincident,F#1,108,rr2,-7.02,-21.13
Coincident,F#1,117,rr1,-4.47,-18.75
Coincident,F#1,117,rr2,-4.46,-18.74
Coincident,F#1,127,rr1,-3.85,-18.07
Coincident,F#1,127,rr2,-3.86,-18.07
Coincident,F#1,18,rr1,-30.61,-42.5
Coincident,F#1,18,rr2,-30.69,-42.58
Coincident,F#1,36,rr1,-29.04,-41.05
Coincident,F#1,36,rr2,-29.01,-41.01
Coincident,F#1,45,rr1,-26.12,-38.33
Coincident,F#1,45,rr2,-26.06,-38.27
Coincident,F#1,54,rr1,-22.91,-35.42
Coincident,F#1,54,rr2,-22.89,-35.41
Coincident,F#1,63,rr1,-19.89,-32.46
Coincident,F#1,63,rr2,-19.85,-32.42
Coincident,F#1,72,rr1,-16.42,-29.43
Coincident,F#1,72,rr2,-16.43,-29.44
Coincident,F#1,81,rr1,-13.54,-26.72
Coincident,F#1,81,rr2,-13.57,-26.75
Coincident,F#1,90,rr1,-12.38,-25.72
Coincident,F#1,90,rr2,-12.39,-25.74
Coincident,F#1,99,rr1,-10.11,-23.74
Coincident,F#1,99,rr2,-10.02,-23.66
Coincident,F#1,9,rr1,-35.01,-46.05
Coincident,F#1,9,rr2,-34.84,-45.87
Coincident,F#2,108,rr1,-9.66,-18.5
Coincident,F#2,108,rr2,-9.69,-18.51
Coincident,F#2,117,rr1,-6.71,-15.94
Coincident,F#2,117,rr2,-6.73,-15.95
Coincident,F#2,127,rr1,-5.56,-15.11
Coincident,F#2,127,rr2,-5.6,-15.11
Coincident,F#2,18,rr1,-33.22,-41.75
Coincident,F#2,18,rr2,-33.03,-41.58
Coincident,F#2,27,rr1,-30.26,-38.6
Coincident,F#2,27,rr2,-30.21,-38.5
Coincident,F#2,45,rr1,-29.0,-37.34
Coincident,F#2,45,rr2,-28.97,-37.32
Coincident,F#2,54,rr1,-26.77,-34.71
Coincident,F#2,54,rr2,-26.75,-34.69
Coincident,F#2,63,rr1,-23.58,-31.53
Coincident,F#2,63,rr2,-23.57,-31.5
Coincident,F#2,72,rr1,-19.89,-27.91
Coincident,F#2,72,rr2,-19.96,-27.97
Coincident,F#2,81,rr1,-16.6,-24.74
Coincident,F#2,81,rr2,-16.58,-24.71
Coincident,F#2,90,rr1,-14.45,-22.76
Coincident,F#2,90,rr2,-14.75,-22.96
Coincident,F#2,99,rr1,-12.37,-20.96
Coincident,F#2,99,rr2,-12.47,-21.04
Coincident,F#2,9,rr1,-39.13,-47.96
Coincident,F#2,9,rr2,-38.95,-47.78
Coincident,F#3,108,rr1,-7.0,-17.8
Coincident,F#3,108,rr2,-7.04,-17.82
Coincident,F#3,117,rr1,-4.29,-15.32
Coincident,F#3,117,rr2,-4.31,-15.34
Coincident,F#3,127,rr1,-3.62,-14.57
Coincident,F#3,127,rr2,-3.64,-14.61
Coincident,F#3,18,rr1,-29.75,-39.01
Coincident,F#3,18,rr2,-29.75,-38.99
Coincident,F#3,27,rr1,-28.12,-37.51
Coincident,F#3,27,rr2,-28.1,-37.51
Coincident,F#3,45,rr1,-25.55,-35.24
Coincident,F#3,45,rr2,-25.61,-35.29
Coincident,F#3,54,rr1,-22.16,-32.14
Coincident,F#3,54,rr2,-22.18,-32.15
Coincident,F#3,63,rr1,-18.88,-29.21
Coincident,F#3,63,rr2,-18.87,-29.2
Coincident,F#3,72,rr1,-15.65,-26.19
Coincident,F#3,72,rr2,-15.6,-26.15
Coincident,F#3,81,rr1,-12.62,-23.27
Coincident,F#3,81,rr2,-12.64,-23.3
Coincident,F#3,90,rr1,-11.46,-22.16
Coincident,F#3,90,rr2,-11.36,-22.07
Coincident,F#3,99,rr1,-9.3,-20.18
Coincident,F#3,99,rr2,-9.28,-20.17
Coincident,F#3,9,rr1,-35.89,-44.58
Coincident,F#3,9,rr2,-36.08,-44.79
Coincident,F#4,108,rr1,-7.23,-19.06
Coincident,F#4,108,rr2,-7.29,-19.09
Coincident,F#4,117,rr1,-4.6,-16.45
Coincident,F#4,117,rr2,-4.63,-16.4
Coincident,F#4,127,rr1,-3.68,-15.53
Coincident,F#4,127,rr2,-3.67,-15.39
Coincident,F#4,18,rr1,-49.27,-60.56
Coincident,F#4,18,rr2,-49.45,-60.41
Coincident,F#4,27,rr1,-37.05,-47.47
Coincident,F#4,27,rr2,-37.29,-47.78
Coincident,F#4,36,rr1,-32.97,-43.21
Coincident,F#4,36,rr2,-32.91,-43.22
Coincident,F#4,54,rr1,-29.81,-40.31
Coincident,F#4,54,rr2,-29.33,-39.87
Coincident,F#4,63,rr1,-25.51,-36.12
Coincident,F#4,63,rr2,-25.59,-36.17
Coincident,F#4,72,rr1,-20.82,-31.77
Coincident,F#4,72,rr2,-20.82,-31.75
Coincident,F#4,81,rr1,-16.04,-27.38
Coincident,F#4,81,rr2,-15.97,-27.29
Coincident,F#4,90,rr1,-12.3,-23.56
Coincident,F#4,90,rr2,-12.31,-23.57
Coincident,F#4,99,rr1,-10.2,-21.71
Coincident,F#4,99,rr2,-10.2,-21.72
Coincident,F#4,9,rr1,-60.87,-72.72
Coincident,F#4,9,rr2,-61.16,-72.8
Coincident,F#6,108,rr1,-8.4,-27.57
Coincident,F#6,108,rr2,-8.32,-27.5
Coincident,F#6,117,rr1,-5.16,-25.14
Coincident,F#6,117,rr2,-5.1,-25.3
Coincident,F#6,127,rr1,-4.35,-24.7
Coincident,F#6,127,rr2,-4.24,-24.61
Coincident,F#6,18,rr1,-56.47,-72.92
Coincident,F#6,18,rr2,-56.53,-72.73
Coincident,F#6,27,rr1,-44.23,-64.62
Coincident,F#6,27,rr2,-45.22,-65.37
Coincident,F#6,36,rr1,-38.23,-58.53
Coincident,F#6,36,rr2,-38.34,-58.64
Coincident,F#6,63,rr1,-32.28,-52.16
Coincident,F#6,63,rr2,-32.16,-52.01
Coincident,F#6,72,rr1,-25.13,-44.91
Coincident,F#6,72,rr2,-25.38,-45.07
Coincident,F#6,81,rr1,-19.22,-38.46
Coincident,F#6,81,rr2,-19.24,-38.43
Coincident,F#6,90,rr1,-13.46,-32.33
Coincident,F#6,90,rr2,-13.51,-32.43
Coincident,F#6,99,rr1,-11.5,-30.45
Coincident,F#6,99,rr2,-11.51,-30.48
Coincident,F#6,9,rr1,-62.11,-75.85
Coincident,F#6,9,rr2,-62.24,-75.28
Coincident,G0,108,rr1,-9.49,-22.77
Coincident,G0,108,rr2,-9.52,-22.79
Coincident,G0,117,rr1,-7.3,-20.47
Coincident,G0,117,rr2,-7.31,-20.48
Coincident,G0,127,rr1,-6.63,-19.66
Coincident,G0,127,rr2,-6.63,-19.67
Coincident,G0,18,rr1,-36.85,-45.64
Coincident,G0,18,rr2,-36.89,-45.65
Coincident,G0,27,rr1,-35.19,-44.55
Coincident,G0,27,rr2,-35.22,-44.58
Coincident,G0,36,rr1,-30.7,-41.22
Coincident,G0,36,rr2,-30.71,-41.26
Coincident,G0,45,rr1,-26.13,-37.69
Coincident,G0,45,rr2,-26.34,-37.83
Coincident,G0,54,rr1,-23.07,-35.04
Coincident,G0,54,rr2,-23.08,-35.03
Coincident,G0,63,rr1,-20.38,-32.72
Coincident,G0,63,rr2,-20.37,-32.7
Coincident,G0,72,rr1,-17.49,-30.27
Coincident,G0,72,rr2,-17.36,-30.16
Coincident,G0,81,rr1,-14.93,-27.81
Coincident,G0,81,rr2,-14.9,-27.8
Coincident,G0,90,rr1,-13.11,-26.24
Coincident,G0,90,rr2,-13.27,-26.37
Coincident,G0,99,rr1,-11.53,-24.82
Coincident,G0,99,rr2,-11.56,-24.85
Coincident,G0,9,rr1,-41.83,-50.22
Coincident,G0,9,rr2,-41.93,-50.31
Coincident,G1,108,rr1,-10.16,-22.14
Coincident,G1,108,rr2,-10.18,-22.15
Coincident,G1,117,rr1,-7.47,-19.82
Coincident,G1,117,rr2,-7.45,-19.82
Coincident,G1,127,rr1,-6.61,-19.07
Coincident,G1,127,rr2,-6.62,-19.07
Coincident,G1,18,rr1,-34.72,-44.2
Coincident,G1,18,rr2,-34.73,-44.2
Coincident,G1,36,rr1,-32.47,-42.06
Coincident,G1,36,rr2,-33.02,-42.64
Coincident,G1,45,rr1,-29.61,-39.36
Coincident,G1,45,rr2,-29.76,-39.56
Coincident,G1,54,rr1,-25.84,-36.67
Coincident,G1,54,rr2,-25.83,-36.7
Coincident,G1,63,rr1,-22.51,-33.56
Coincident,G1,63,rr2,-22.51,-33.56
Coincident,G1,72,rr1,-19.21,-30.5
Coincident,G1,72,rr2,-19.17,-30.45
Coincident,G1,81,rr1,-16.01,-27.64
Coincident,G1,81,rr2,-16.07,-27.69
Coincident,G1,90,rr1,-14.41,-26.37
Coincident,G1,90,rr2,-14.46,-26.42
Coincident,G1,99,rr1,-12.56,-24.47
Coincident,G1,99,rr2,-12.55,-24.47
Coincident,G1,9,rr1,-39.34,-48.72
Coincident,G1,9,rr2,-39.43,-48.73
Coincident,G2,108,rr1,-10.01,-20.39
Coincident,G2,108,rr2,-10.01,-20.41
Coincident,G2,117,rr1,-7.64,-17.96
Coincident,G2,117,rr2,-7.67,-17.98
Coincident,G2,127,rr1,-6.87,-17.11
Coincident,G2,127,rr2,-6.85,-17.11
Coincident,G2,18,rr1,-37.09,-44.27
Coincident,G2,18,rr2,-36.89,-44.05
Coincident,G2,27,rr1,-32.99,-40.77
Coincident,G2,27,rr2,-32.9,-40.67
Coincident,G2,36,rr1,-31.71,-39.71
Coincident,G2,36,rr2,-31.62,-39.7
Coincident,G2,45,rr1,-29.99,-38.3
Coincident,G2,45,rr2,-29.96,-38.28
Coincident,G2,54,rr1,-26.86,-35.68
Coincident,G2,54,rr2,-26.8,-35.64
Coincident,G2,63,rr1,-23.43,-32.78
Coincident,G2,63,rr2,-23.42,-32.78
Coincident,G2,72,rr1,-19.73,-29.66
Coincident,G2,72,rr2,-19.75,-29.67
Coincident,G2,81,rr1,-16.45,-26.65
Coincident,G2,81,rr2,-16.52,-26.69
Coincident,G2,90,rr1,-14.26,-24.62
Coincident,G2,90,rr2,-14.33,-24.71
Coincident,G2,99,rr1,-12.33,-22.85
Coincident,G2,99,rr2,-12.34,-22.85
Coincident,G2,9,rr1,-44.13,-50.5
Coincident,G2,9,rr2,-43.82,-50.31
Coincident,G3,108,rr1,-6.17,-18.18
Coincident,G3,108,rr2,-6.23,-18.2
Coincident,G3,117,rr1,-3.84,-15.88
Coincident,G3,117,rr2,-3.78,-15.82
Coincident,G3,127,rr1,-3.04,-15.11
Coincident,G3,127,rr2,-3.04,-15.12
Coincident,G3,18,rr1,-30.95,-39.68
Coincident,G3,18,rr2,-31.07,-39.75
Coincident,G3,36,rr1,-27.85,-37.15
Coincident,G3,36,rr2,-28.01,-37.28
Coincident,G3,45,rr1,-25.8,-35.43
Coincident,G3,45,rr2,-25.79,-35.4
Coincident,G3,54,rr1,-22.54,-32.66
Coincident,G3,54,rr2,-22.56,-32.69
Coincident,G3,63,rr1,-19.1,-29.76
Coincident,G3,63,rr2,-19.12,-29.77
Coincident,G3,72,rr1,-15.73,-26.78
Coincident,G3,72,rr2,-15.67,-26.73
Coincident,G3,81,rr1,-12.42,-23.85
Coincident,G3,81,rr2,-12.37,-23.8
Coincident,G3,90,rr1,-10.75,-22.26
Coincident,G3,90,rr2,-10.84,-22.33
Coincident,G3,99,rr1,-8.59,-20.47
Coincident,G3,99,rr2,-8.61,-20.48
Coincident,G3,9,rr1,-38.04,-45.76
Coincident,G3,9,rr2,-37.96,-45.64
Coincident,G4,108,rr1,-9.32,-24.06
Coincident,G4,108,rr2,-9.32,-24.04
Coincident,G4,117,rr1,-6.2,-21.26
Coincident,G4,117,rr2,-6.14,-21.2
Coincident,G4,127,rr1,-5.26,-20.19
Coincident,G4,127,rr2,-5.28,-20.18
Coincident,G4,18,rr1,-46.0,-60.54
Coincident,G4,18,rr2,-44.36,-59.21
Coincident,G4,27,rr1,-35.78,-49.9
Coincident,G4,27,rr2,-35.74,-49.88
Coincident,G4,36,rr1,-33.09,-46.98
Coincident,G4,36,rr2,-33.2,-47.07
Coincident,G4,45,rr1,-31.85,-45.52
Coincident,G4,45,rr2,-31.88,-45.59
Coincident,G4,54,rr1,-29.88,-43.55
Coincident,G4,54,rr2,-29.83,-43.53
Coincident,G4,63,rr1,-26.89,-40.44
Coincident,G4,63,rr2,-26.95,-40.49
Coincident,G4,72,rr1,-23.19,-36.56
Coincident,G4,72,rr2,-23.29,-36.67
Coincident,G4,81,rr1,-19.27,-32.8
Coincident,G4,81,rr2,-19.29,-32.82
Coincident,G4,90,rr1,-14.64,-28.66
Coincident,G4,90,rr2,-14.88,-28.83
Coincident,G4,99,rr1,-12.67,-26.79
Coincident,G4,99,rr2,-12.69,-26.78
Coincident,G4,9,rr1,-59.37,-71.91
Coincident,G4,9,rr2,-58.67,-71.34
Coincident,G5,108,rr1,-7.88,-21.27
Coincident,G5,108,rr2,-7.88,-21.26
Coincident,G5,117,rr1,-4.6,-18.38
Coincident,G5,117,rr2,-4.53,-18.21
Coincident,G5,127,rr1,-3.79,-17.27
Coincident,G5,127,rr2,-3.7,-17.21
Coincident,G5,18,rr1,-58.25,-74.77
Coincident,G5,18,rr2,-55.36,-72.12
Coincident,G5,27,rr1,-40.91,-55.31
Coincident,G5,27,rr2,-43.64,-58.4
Coincident,G5,36,rr1,-37.03,-50.74
Coincident,G5,36,rr2,-36.81,-50.42
Coincident,G5,54,rr1,-33.1,-46.31
Coincident,G5,54,rr2,-33.39,-46.66
Coincident,G5,63,rr1,-28.03,-40.7
Coincident,G5,63,rr2,-28.03,-40.68
Coincident,G5,72,rr1,-22.67,-35.4
Coincident,G5,72,rr2,-22.75,-35.48
Coincident,G5,81,rr1,-17.58,-30.7
Coincident,G5,81,rr2,-17.62,-30.68
Coincident,G5,90,rr1,-12.23,-25.59
Coincident,G5,90,rr2,-12.44,-25.79
Coincident,G5,99,rr1,-10.58,-23.84
Coincident,G5,99,rr2,-10.56,-23.84
Coincident,G5,9,rr1,-64.87,-75.71
Coincident,G5,9,rr2,-62.34,-74.51
Coincident,G6,108,rr1,-10.42,-31.91
Coincident,G6,108,rr2,-10.35,-31.92
Coincident,G6,117,rr1,-7.87,-29.46
Coincident,G6,117,rr2,-7.74,-29.43
Coincident,G6,127,rr1,-6.69,-28.75
Coincident,G6,127,rr2,-6.7,-28.73
Coincident,G6,18,rr1,-53.17,-70.42
Coincident,G6,18,rr2,-53.07,-70.5
Coincident,G6,27,rr1,-42.32,-62.25
Coincident,G6,27,rr2,-42.38,-62.24
Coincident,G6,54,rr1,-36.86,-57.2
Coincident,G6,54,rr2,-36.99,-57.31
Coincident,G6,63,rr1,-32.06,-53.19
Coincident,G6,63,rr2,-32.11,-53.19
Coincident,G6,72,rr1,-26.23,-47.54
Coincident,G6,72,rr2,-26.63,-47.85
Coincident,G6,81,rr1,-21.3,-42.32
Coincident,G6,81,rr2,-21.15,-42.22
Coincident,G6,90,rr1,-15.16,-36.29
Coincident,G6,90,rr2,-15.12,-36.4
Coincident,G6,99,rr1,-13.34,-34.5
Coincident,G6,99,rr2,-13.34,-34.48
Coincident,G6,9,rr1,-54.95,-73.32
Coincident,G6,9,rr2,-56.65,-73.23
Coincident,G#0,108,rr1,-11.17,-22.93
Coincident,G#0,108,rr2,-11.21,-22.94
Coincident,G#0,117,rr1,-8.94,-20.65
Coincident,G#0,117,rr2,-8.98,-20.66
Coincident,G#0,127,rr1,-8.11,-19.8
Coincident,G#0,127,rr2,-8.11,-19.81
Coincident,G#0,18,rr1,-34.01,-45.08
Coincident,G#0,18,rr2,-34.23,-45.21
Coincident,G#0,27,rr1,-32.31,-43.8
Coincident,G#0,27,rr2,-32.33,-43.8
Coincident,G#0,36,rr1,-30.18,-41.96
Coincident,G#0,36,rr2,-30.55,-42.36
Coincident,G#0,45,rr1,-27.63,-39.31
Coincident,G#0,45,rr2,-27.68,-39.38
Coincident,G#0,54,rr1,-24.89,-36.83
Coincident,G#0,54,rr2,-24.85,-36.8
Coincident,G#0,63,rr1,-22.4,-34.27
Coincident,G#0,63,rr2,-21.89,-33.8
Coincident,G#0,72,rr1,-19.59,-31.36
Coincident,G#0,72,rr2,-19.25,-31.1
Coincident,G#0,81,rr1,-16.72,-28.51
Coincident,G#0,81,rr2,-16.8,-28.5
Coincident,G#0,90,rr1,-15.4,-27.12
Coincident,G#0,90,rr2,-15.46,-27.1
Coincident,G#0,99,rr1,-13.5,-25.33
Coincident,G#0,99,rr2,-13.5,-25.32
Coincident,G#0,9,rr1,-39.13,-49.41
Coincident,G#0,9,rr2,-38.97,-49.24
Coincident,G#1,108,rr1,-9.79,-20.57
Coincident,G#1,108,rr2,-9.8,-20.57
Coincident,G#1,117,rr1,-7.36,-18.44
Coincident,G#1,117,rr2,-7.41,-18.46
Coincident,G#1,127,rr1,-6.68,-17.83
Coincident,G#1,127,rr2,-6.72,-17.85
Coincident,G#1,18,rr1,-31.18,-39.89
Coincident,G#1,18,rr2,-31.24,-39.91
Coincident,G#1,36,rr1,-30.65,-39.33
Coincident,G#1,36,rr2,-30.56,-39.2
Coincident,G#1,45,rr1,-27.67,-36.46
Coincident,G#1,45,rr2,-27.65,-36.46
Coincident,G#1,54,rr1,-24.32,-33.55
Coincident,G#1,54,rr2,-24.35,-33.55
Coincident,G#1,63,rr1,-21.47,-31.03
Coincident,G#1,63,rr2,-21.49,-31.03
Coincident,G#1,72,rr1,-18.22,-28.21
Coincident,G#1,72,rr2,-18.17,-28.15
Coincident,G#1,81,rr1,-15.27,-25.71
Coincident,G#1,81,rr2,-15.24,-25.68
Coincident,G#1,90,rr1,-13.92,-24.6
Coincident,G#1,90,rr2,-14.13,-24.77
Coincident,G#1,99,rr1,-12.11,-22.84
Coincident,G#1,99,rr2,-12.12,-22.85
Coincident,G#1,9,rr1,-33.59,-42.3
Coincident,G#1,9,rr2,-33.51,-42.26
Coincident,G#2,108,rr1,-10.29,-23.02
Coincident,G#2,108,rr2,-10.31,-23.03
Coincident,G#2,117,rr1,-7.41,-20.37
Coincident,G#2,117,rr2,-7.4,-20.38
Coincident,G#2,127,rr1,-6.28,-19.52
Coincident,G#2,127,rr2,-6.25,-19.49
Coincident,G#2,18,rr1,-39.46,-50.0
Coincident,G#2,18,rr2,-39.15,-49.8
Coincident,G#2,27,rr1,-34.61,-45.74
Coincident,G#2,27,rr2,-34.87,-45.95
Coincident,G#2,36,rr1,-33.19,-44.61
Coincident,G#2,36,rr2,-33.32,-44.7
Coincident,G#2,45,rr1,-32.07,-43.4
Coincident,G#2,45,rr2,-31.9,-43.21
Coincident,G#2,54,rr1,-28.46,-40.07
Coincident,G#2,54,rr2,-28.53,-40.15
Coincident,G#2,63,rr1,-24.9,-36.62
Coincident,G#2,63,rr2,-24.92,-36.63
Coincident,G#2,72,rr1,-20.75,-33.05
Coincident,G#2,72,rr2,-20.68,-32.96
Coincident,G#2,81,rr1,-17.03,-29.7
Coincident,G#2,81,rr2,-16.97,-29.63
Coincident,G#2,90,rr1,-14.54,-27.28
Coincident,G#2,90,rr2,-14.71,-27.47
Coincident,G#2,99,rr1,-12.68,-25.5
Coincident,G#2,99,rr2,-12.7,-25.52
Coincident,G#2,9,rr1,-47.64,-57.6
Coincident,G#2,9,rr2,-48.04,-57.79
Coincident,G#4,108,rr1,-6.25,-18.9
Coincident,G#4,108,rr2,-6.22,-18.87
Coincident,G#4,117,rr1,-3.18,-15.97
Coincident,G#4,117,rr2,-3.16,-15.85
Coincident,G#4,127,rr1,-2.21,-14.78
Coincident,G#4,127,rr2,-2.19,-14.71
Coincident,G#4,18,rr1,-41.46,-55.02
Coincident,G#4,18,rr2,-41.37,-54.94
Coincident,G#4,27,rr1,-32.57,-45.47
Coincident,G#4,27,rr2,-31.95,-44.81
Coincident,G#4,36,rr1,-30.08,-42.73
Coincident,G#4,36,rr2,-30.01,-42.7
Coincident,G#4,54,rr1,-26.75,-39.28
Coincident,G#4,54,rr2,-27.62,-40.16
Coincident,G#4,63,rr1,-22.86,-35.4
Coincident,G#4,63,rr2,-22.87,-35.44
Coincident,G#4,72,rr1,-18.58,-31.27
Coincident,G#4,72,rr2,-18.62,-31.31
Coincident,G#4,81,rr1,-13.89,-26.72
Coincident,G#4,81,rr2,-14.52,-27.31
Coincident,G#4,90,rr1,-11.08,-23.72
Coincident,G#4,90,rr2,-11.26,-23.9
Coincident,G#4,99,rr1,-9.18,-21.75
Coincident,G#4,99,rr2,-9.18,-21.76
Coincident,G#4,9,rr1,-53.38,-67.67
Coincident,G#4,9,rr2,-57.29,-70.67
Coincident,G#5,108,rr1,-6.77,-23.13
Coincident,G#5,108,rr2,-6.78,-23.21
Coincident,G#5,117,rr1,-3.7,-20.54
Coincident,G#5,117,rr2,-3.64,-20.6
Coincident,G#5,127,rr1,-2.77,-19.67
Coincident,G#5,127,rr2,-2.78,-19.52
Coincident,G#5,18,rr1,-53.79,-70.55
Coincident,G#5,18,rr2,-53.94,-70.05
Coincident,G#5,27,rr1,-44.05,-60.01
Coincident,G#5,27,rr2,-43.9,-60.0
Coincident,G#5,36,rr1,-38.73,-54.38
Coincident,G#5,36,rr2,-37.82,-53.45
Coincident,G#5,45,rr1,-35.96,-51.59
Coincident,G#5,45,rr2,-35.74,-51.36
Coincident,G#5,54,rr1,-32.61,-48.1
Coincident,G#5,54,rr2,-31.3,-46.74
Coincident,G#5,63,rr1,-26.52,-41.83
Coincident,G#5,63,rr2,-26.4,-41.69
Coincident,G#5,72,rr1,-21.17,-36.41
Coincident,G#5,72,rr2,-20.85,-36.12
Coincident,G#5,81,rr1,-16.22,-31.66
Coincident,G#5,81,rr2,-15.96,-31.4
Coincident,G#5,90,rr1,-11.79,-27.34
Coincident,G#5,90,rr2,-11.83,-27.39
Coincident,G#5,99,rr1,-9.84,-25.6
Coincident,G#5,99,rr2,-9.86,-25.6
Coincident,G#5,9,rr1,-66.43,-78.36
Coincident,G#5,9,rr2,-66.4,-77.97
Coincident,G#6,108,rr1,-10.94,-32.22
Coincident,G#6,108,rr2,-11.05,-32.18
Coincident,G#6,117,rr1,-8.56,-29.5
Coincident,G#6,117,rr2,-8.67,-29.5
Coincident,G#6,127,rr1,-8.3,-28.82
Coincident,G#6,127,rr2,-8.17,-28.79
Coincident,G#6,18,rr1,-56.83,-71.84
Coincident,G#6,18,rr2,-56.8,-71.78
Coincident,G#6,27,rr1,-45.12,-66.33
Coincident,G#6,27,rr2,-45.6,-66.62
Coincident,G#6,36,rr1,-40.52,-61.14
Coincident,G#6,36,rr2,-40.59,-61.17
Coincident,G#6,63,rr1,-35.66,-56.7
Coincident,G#6,63,rr2,-35.59,-56.64
Coincident,G#6,72,rr1,-30.07,-51.25
Coincident,G#6,72,rr2,-30.1,-51.41
Coincident,G#6,81,rr1,-23.59,-44.76
Coincident,G#6,81,rr2,-24.11,-45.3
Coincident,G#6,90,rr1,-16.71,-38.05
Coincident,G#6,90,rr2,-16.57,-38.0
Coincident,G#6,99,rr1,-14.13,-35.45
Coincident,G#6,99,rr2,-14.12,-35.4
Coincident,G#6,9,rr1,-60.78,-73.16
Coincident,G#6,9,rr2,-61.15,-73.55
